,807.E.S.11.b,1883.2008.269.Crump.Artic.LTREB.main.lane2.NoIndex,1627.ZCCK1,1711.KAM6.3,1034.ZKD2,722.TRRsed3.4.s.4.1.sequence,1883.2007.214.Crump.Artic.LTREB.main.lane2.NoIndex,1222.B4.5.8.06,1288.NSB30jul08E.McMahon.Pool.3.and.1percentPhiX.110310.HWUSI.EAS552R.0357.s.3.1.sequence,1242.ME07Aug08EB2R2,1453.47548SDZ2.C8.Cang.stom,1642.MS00567,1198.ANT02.S1M2,1034.ZKE4,1580.1CA.sed.D1,550.L1S264.s.1.sequence,1001.SKM9,1747.DZF.6202012.RJ.glass.window,809.PLRP15.mat,861.H10.mar09,1773.Columb.passer8.lgi,933.Phylospora.comosa.1.5,1774.53Fecal23.10.09,678.T.RFLP.Sample.636,1883.2011.54.Crump.Artic.LTREB.main.lane3.NoIndex,1642.MS00602,910.PocTA2,1039.L.Vermelha.SC.2.3,1748.5.15.12.FI.11.V,807.C.F.11.b,2382.SH004.C1.RH.2.609.leav.9.12.lane8.NoIndex.L008.sequences,807.S.F.11.b,1773.Columb.passer5.ugi,1642.MS00635,1713.McG.L3B1020,804.LS11.70a,2080.S39D435,722.M31Fcsw.3.s.3.1.sequence,933.T.1.1.S.E.4,1064.W.CV123,1627.LBC1,1883.2011.498.Crump.Artic.LTREB.main.lane4.NoIndex,662.M23,2382.SH004.C1.RH.1.605.gp.9.12.lane8.NoIndex.L008.sequences,861.C15.dec08,1883.2008.151.Crump.Artic.LTREB.main.lane2.NoIndex,2382.RU006.C181.RH.4.794.leav.9.12.lane8.NoIndex.L008.sequences,1642.MS00454,722.M31Plmr.7.s.8.1.sequence,1883.2011.494.Crump.Artic.LTREB.main.lane4.NoIndex
Bacteroidetes,0.03764933806909913,0.05127542783338715,0.12392638036809817,0.01614465611882467,0.02789796577332903,0.027252179528576042,0.0488860187278011,0.025185663545366485,0.029577010009686794,0.05676461091378754,0.10448821440103326,0.026541814659347757,0.05269615757184372,0.0,0.09480142072973846,0.11333548595414918,0.049983855343881174,0.042686470778172426,0.06961575718437198,0.0388763319341298,0.00878269292864062,0.0585728123990959,0.02835001614465612,0.023183726186632225,0.048563125605424605,0.023635776557959315,0.002583144979011947,0.018211172102034226,0.02092347432999677,0.02583144979011947,0.0,0.03803680981595092,0.005553761704875686,0.02783338714885373,0.001226993865030675,0.03538908621246367,0.0037455602195673233,0.19522118178882789,0.052954472069744914,6.457862447529868e-05,0.010009686793671296,0.022537939941879238,0.03829512431385212,0.0,0.03538908621246367,0.03500161446561188,0.0,0.026993865030674847,0.045140458508233776,0.04623829512431385
WS3,0.012869038607115822,0.0,0.0,0.05450416351249054,0.0,0.03028009084027252,0.016654049962149888,0.0,0.0,0.000757002271006813,0.0,0.018925056775170326,0.0,0.0,0.010598031794095382,0.0,0.0,0.0,0.006056018168054504,0.06510219530658592,0.0,0.0,0.0,0.052233156699470096,0.004542013626040878,0.03406510219530658,0.0,0.008327024981074944,0.0,0.018925056775170326,0.0,0.026495079485238455,0.0,0.0174110522331567,0.0,0.0,0.0,0.0,0.0,0.0,0.01968205904617714,0.003028009084027252,0.0,0.0,0.0,0.001514004542013626,0.0,0.01968205904617714,0.0,0.018168054504163512
Elusimicrobia,0.02110022607385079,0.0,0.0,0.04069329314242653,0.0,0.0,0.018839487565938208,0.0,0.0,0.0,0.0,0.02260738507912585,0.0,0.0,0.0,0.0,0.0,0.0,0.0,0.0,0.0,0.0,0.002260738507912585,0.0007535795026375283,0.0037678975131876413,0.016578749058025623,0.0,0.003014318010550113,0.0,0.024868123587038434,0.0,0.023360964581763375,0.0,0.023360964581763375,0.006028636021100226,0.0,0.0,0.0,0.0,0.0,0.0,0.0,0.0,0.0,0.0,0.0007535795026375283,0.0,0.016578749058025623,0.0,0.0
Proteobacteria,0.05400845780097175,0.017702897246715855,0.04066942594925319,0.04307630016195789,0.042266510707216126,0.04948713334533021,0.053985963649451144,0.03394367464459241,0.04172665107072161,0.036845420190750405,0.002024473636854418,0.03605812488752924,0.08487043368724131,0.02058214864135325,0.03344880331113911,0.001439625697318697,0.08939175814288285,0.019412452762281807,0.043526183192369984,0.05785495771099514,0.00843530682022674,0.030547057764981105,0.016263271549397156,0.07285855677523843,0.059092136044628395,0.032818967068562174,0.011404534820946555,0.0242262011876912,0.09069641893107792,0.061229080439085835,0.00013496490912362786,0.04570811588986863,0.0067032571531401835,0.031671765341011335,0.048362425769299985,0.04273888788914882,0.10014396256973188,0.0015520964549217203,0.08226111211085117,0.006748245456181393,0.03556325355407594,0.046652870253734026,0.0794493431707756,0.00013496490912362786,0.05016195789094836,0.07526543098794314,0.009829944214504229,0.030547057764981105,0.025463379521324457,0.053806010437286306
Acidobacteria,0.04373836745546397,0.005450678011167243,0.0009306035628822122,0.08588141451741559,0.11818665248604095,0.0061153948417973945,0.054506780111672426,0.0,0.02672161659133209,0.0003988300983780909,0.0,0.07311885136931667,0.0009306035628822122,0.1320127625631481,0.002260037224142515,0.0,0.0030576974208986973,0.003323584153150758,0.003323584153150758,0.0014623770273863334,0.0,0.04333953735708588,0.0,0.014623770273863334,0.011300186120712576,0.08574847115128956,0.0,0.2749268811486307,0.0,0.06873172028715767,0.0,0.0938580164849774,0.0,0.08122839670300452,0.28915182132411593,0.00026588673225206064,0.0010635469290082426,0.0,0.00026588673225206064,0.00013294336612603032,0.022866258973677212,0.00824248869981388,0.0,0.0,0.00013294336612603032,0.017548524328636,0.0,0.06048923158734379,0.0,0.01276256314809891
Parvarchaeota,0.009015256588072122,0.0,0.0034674063800277394,0.0027739251040221915,0.0,0.011095700416088766,0.006934812760055479,0.0,0.0,0.0,0.0,0.016643550624133148,0.0,0.0,0.0811373092926491,0.0,0.0,0.0,0.0006934812760055479,0.014563106796116505,0.0,0.0,0.0,0.022191400832177532,0.009708737864077669,0.0076282940360610264,0.0,0.0,0.0,0.008321775312066574,0.0,0.0048543689320388345,0.0,0.024965325936199722,0.0,0.0,0.0,0.0,0.0,0.0,0.0,0.006934812760055479,0.0,0.0,0.0076282940360610264,0.0,0.0,0.0076282940360610264,0.0,0.010402219140083218
Verrucomicrobia,0.0337995337995338,0.08333333333333333,0.004224941724941725,0.03292540792540793,0.0219988344988345,0.0034965034965034965,0.07459207459207459,0.0002913752913752914,0.042395104895104896,0.06526806526806526,0.0008741258741258741,0.027826340326340328,0.030594405594405596,0.024912587412587412,0.003642191142191142,0.00043706293706293706,0.0013111888111888112,0.0005827505827505828,0.1097027972027972,0.002768065268065268,0.009906759906759906,0.12077505827505827,0.0,0.006118881118881119,0.0236013986013986,0.04487179487179487,0.0,0.17803030303030304,0.0,0.017191142191142192,0.0,0.040646853146853144,0.005827505827505828,0.040355477855477856,0.034236596736596736,0.012092074592074592,0.0002913752913752914,0.0,0.030303030303030304,0.0,0.036567599067599064,0.008158508158508158,0.006847319347319347,0.0,0.003933566433566434,0.027389277389277388,0.0,0.03365384615384615,0.00043706293706293706,0.016608391608391608
Firmicutes,0.0009763891354518019,0.00017752529735487306,0.0313332149831351,0.01872891887093911,0.027427658441327888,0.012071720220131369,0.0,0.0,0.0004438132433871827,0.001331439730161548,0.21480560979939642,0.008787502219066217,0.00692348659684005,0.14184271258654357,0.012338008166163678,0.25918693413811467,0.0019527782709036039,0.15400319545535238,0.0035505059470974615,0.010030179300550328,0.324516243564708,0.007456062488904669,0.1518728918870939,0.0018640156222261672,0.013403159950292917,0.010118941949227765,0.0023965915142907866,0.004083081839162081,0.038345464228652586,0.0,8.876264867743653e-05,0.0002662879460323096,0.19723060536126397,0.009497603408485709,8.876264867743653e-05,0.15799751464583703,0.0015977276761938576,0.16722883010829043,0.0,0.25039943191904845,0.08325936445943546,0.001686490324871294,0.0,0.0,0.04171844487839517,8.876264867743653e-05,0.0,0.03275341736197408,0.15693236286170778,0.02050417184448784
Planctomycetes,0.020525657071339173,0.08068418856904463,0.00033375052148518984,0.01702127659574468,0.0060909470171047145,0.026366291197329996,0.013516896120150187,8.343763037129746e-05,0.0,0.007676261994159366,0.0,0.009595327492699207,0.0020859407592824365,0.017939090529828953,8.343763037129746e-05,0.0,0.00016687526074259492,0.0017521902377972466,0.005506883604505632,0.007592824363788068,0.003838130997079683,0.00817688777638715,0.0,0.018105965790571547,0.00851063829787234,0.012932832707551106,0.0,0.002002503128911139,0.00025031289111389235,0.018105965790571547,0.0,0.03204005006257822,0.003087192323738006,0.013683771380892783,0.006675010429703796,0.0005006257822277847,0.0006675010429703797,0.0,0.005256570713391739,0.0,0.009011264080100126,0.006174384647476012,0.00016687526074259492,0.0,0.0020859407592824365,0.01576971214017522,0.0,0.00951188986232791,0.0,0.005173133083020442
SR1,0.0,0.0,0.045714285714285714,0.0,0.0,0.0,0.0,0.0,0.0,0.0,0.0,0.005714285714285714,0.0,0.0,0.0,0.0,0.0,0.0,1.0457142857142858,0.0,0.0,0.0,0.0,0.0,0.0,0.005714285714285714,0.0,0.0,0.0,0.0,0.0,0.0,0.0,0.005714285714285714,0.0,0.0,0.0,0.0,0.0,0.0,0.011428571428571429,0.0,0.0,0.0,0.011428571428571429,0.005714285714285714,0.0,0.005714285714285714,0.022857142857142857,0.0
Chloroflexi,0.02163005909242948,0.0004459805998439068,0.0042368156985171145,0.025532389341063663,0.02363697179172706,0.01616679674434162,0.007693165347307392,0.0,0.0001114951499609767,0.0016724272494146504,0.0,0.05229122533169807,0.0006689708997658602,0.0002229902999219534,0.014605864644887947,0.0,0.002229902999219534,0.007693165347307392,0.02051510759281971,0.03467499163786375,0.0,0.0016724272494146504,0.0005574757498048835,0.026870331140595383,0.01315642769539525,0.06087635187869328,0.0,0.00981157319656595,0.0,0.0181737094436392,0.0,0.01215297134574646,0.0072471847474634855,0.06645110937674212,0.007693165347307392,0.0001114951499609767,0.008139145947151299,0.0,0.0,0.0,0.053852157431151744,0.001895417549336604,0.0,0.0,0.0665626045267031,0.002564388449102464,0.0,0.04838889508306388,0.0,0.002564388449102464
KSB3,0.0,0.0,0.0,0.0,0.0,0.0,0.0,0.0,0.0,0.0,0.0,0.0,0.0,0.0,0.0,0.0,0.0,0.0,0.0,0.0,0.0,0.0,0.0,0.025,0.0,0.0,0.0,0.0,0.0,0.0,0.0,0.0,0.0,0.05,0.0,0.0,0.0,0.0,0.0,0.0,0.0,0.0,0.0,0.0,0.0,0.0,0.0,0.025,0.0,0.0
TM6,0.0009881422924901185,0.0009881422924901185,0.0,0.0,0.0,0.004940711462450593,0.001976284584980237,0.0,0.0,0.0009881422924901185,0.0,0.0009881422924901185,0.0,0.0,0.0,0.0,0.0,0.0,0.009881422924901186,0.009881422924901186,0.0,0.0,0.0,0.0009881422924901185,0.0,0.003952569169960474,0.0,0.007905138339920948,0.009881422924901186,0.0,0.0,0.0009881422924901185,0.0,0.001976284584980237,0.0,0.0,0.0,0.0,0.0,0.0,0.015810276679841896,0.0,0.0,0.0,0.0029644268774703555,0.0009881422924901185,0.0,0.001976284584980237,0.0,0.0
Euryarchaeota,0.001507537688442211,0.0,0.2150753768844221,0.001507537688442211,0.01306532663316583,0.0,0.0,0.0,0.0,0.0,0.01407035175879397,0.06080402010050251,0.0,0.0,0.47839195979899496,0.0,0.0,0.12462311557788945,0.0,0.002512562814070352,0.002512562814070352,0.0,0.0,0.020603015075376884,0.0,0.09095477386934674,0.0,0.0,0.0,0.0005025125628140704,0.0,0.0,0.0,0.07085427135678392,0.0010050251256281408,0.0,0.021608040201005024,0.0,0.0,0.0,0.02964824120603015,0.0005025125628140704,0.0,0.0,0.001507537688442211,0.0,0.0,0.05125628140703518,0.0,0.0
FBP,0.0,0.0,0.0,0.0049504950495049506,0.0,0.0,0.024752475247524754,0.0,0.0,0.0,0.0,0.0,0.0,1.5594059405940595,0.0,0.0,0.0,0.0,0.0,0.0,0.0,0.0,0.0,0.0,0.0,0.0,0.0,0.0,0.0,0.0,0.0,0.0,0.0,0.0,0.0,0.0,0.0,0.0,0.0,0.0,0.0,0.0,0.0,0.0,0.0,0.0,0.0,0.0,0.0,0.0
OP3,0.005780346820809248,0.0010509721492380452,0.0,0.009458749343142408,0.0,0.012611665790856543,0.005780346820809248,0.0,0.0,0.0005254860746190226,0.0,0.004203888596952181,0.0,0.0,0.002627430373095113,0.0,0.0,0.0,0.0,0.005254860746190226,0.0,0.0,0.0,0.006305832895428271,0.0031529164477141357,0.011035207566999475,0.0,0.0,0.0,0.008407777193904361,0.0,0.005254860746190226,0.0,0.006831318970047294,0.0,0.0010509721492380452,0.0,0.0,0.0,0.0,0.0005254860746190226,0.002627430373095113,0.0,0.0,0.015239096163951655,0.0,0.0,0.002627430373095113,0.0,0.0
Nitrospirae,0.35586206896551725,0.0,0.0,0.20413793103448277,0.044137931034482755,0.7848275862068965,0.0896551724137931,0.0,0.0,0.0,0.0,0.11448275862068966,0.0,0.0,0.0,0.0,0.002758620689655172,0.013793103448275862,0.0,0.020689655172413793,0.0,0.027586206896551724,0.0,0.0703448275862069,0.008275862068965517,0.11586206896551725,0.0,0.0,0.0,0.5393103448275862,0.0,0.42758620689655175,0.0,0.10620689655172413,0.0,0.0,0.009655172413793104,0.0,0.0,0.0,0.0,0.04551724137931035,0.0,0.0,0.0,0.004137931034482759,0.0,0.07172413793103448,0.0,0.0
MVP-21,0.0,0.0,0.0,0.0,0.0,0.0,0.0,0.0,0.0,0.0,0.0,0.0,0.0,0.0,0.0,0.0,0.0,0.0,0.0,0.0,0.0,0.0,0.0,0.0,0.0,0.0,0.0,0.0,0.0,0.0,0.0,0.0,0.0,0.0,0.0,0.0,0.0,0.0,0.0,0.0,0.0,0.0,0.0,0.0,0.0,0.0,0.0,0.0,0.0,0.0
Cyanobacteria,0.022333637192342753,0.12784867821330903,0.016636280765724702,0.0054694621695533276,0.026891522333637192,0.004102096627164996,0.008887876025524157,0.7037374658158614,0.22857793983591612,0.09822242479489517,0.016636280765724702,0.08842297174111212,0.0,0.06494986326344576,0.007976298997265268,0.0,0.0,0.0006836827711941659,0.07543299908842298,0.004102096627164996,0.017775752051048314,0.07976298997265269,0.0006836827711941659,0.0006836827711941659,0.05537830446672744,0.009799453053783045,0.00045578851412944393,0.00045578851412944393,0.0,0.011850501367365542,1.137876025524157,0.014357338195077484,0.010027347310847767,0.013673655423883319,0.0013673655423883319,0.12488605287146765,0.0013673655423883319,0.0,0.007748404740200547,0.4238833181403829,0.14881494986326343,0.4553327256153145,0.18710118505013673,1.1381039197812215,0.015268915223336371,0.04375569735642662,1.0398814949863264,0.12010027347310848,0.027119416590701915,0.03760255241567913
Actinobacteria,0.024496015002344117,0.11146272855133614,0.005743084857008907,0.05309423347398031,0.055086732301922174,0.001875293014533521,0.015236755743084857,0.0011720581340834506,0.13490389123300517,0.1584622597280825,0.015119549929676512,0.01828410689170183,0.007501172058134084,0.03738865447726207,0.00046882325363338024,0.026840131270511016,0.018870135958743553,0.1186122831692452,0.001875293014533521,0.0076183778715424285,0.07430848570089077,0.1006797937177684,0.24085794655414908,0.005274261603375527,0.04184247538677918,0.022386310360993904,0.5179324894514767,0.011603375527426161,0.012658227848101266,0.010079699953117674,0.0,0.00902484763244257,0.2542194092827004,0.022386310360993904,0.024730426629160807,0.014533520862634786,0.007735583684950774,0.00023441162681669012,0.023323956868260665,0.0014064697609001407,0.01136896390060947,0.018870135958743553,0.0,0.0,0.007735583684950774,0.01875293014533521,0.0,0.023792780121894046,0.0806375996249414,0.11157993436474449
WS1,0.0,0.0,0.0,0.0,0.0,0.0,0.021739130434782608,0.0,0.0,0.0,0.0,0.0,0.0,0.0,0.0,0.0,0.0,0.0,0.0,0.0,0.0,0.0,0.0,0.0,0.021739130434782608,0.0,0.0,0.0,0.0,0.0,0.0,0.0,0.0,0.0,0.0,0.0,0.0,0.0,0.0,0.0,0.021739130434782608,0.0,0.0,0.0,0.0,0.0,0.0,0.021739130434782608,0.0,0.0
Chlorobi,0.04961240310077519,0.009302325581395349,0.0,0.008527131782945736,0.018604651162790697,0.021705426356589147,0.03255813953488372,0.0,0.003875968992248062,0.07054263565891473,0.0,0.10930232558139535,0.0007751937984496124,0.0,0.014728682170542635,0.0,0.0,0.0,0.02558139534883721,0.027906976744186046,0.0,0.010077519379844961,0.0,0.031007751937984496,0.05581395348837209,0.15271317829457365,0.0,0.0007751937984496124,0.0,0.03255813953488372,0.0,0.07286821705426356,0.0,0.16666666666666666,0.0,0.0,0.0,0.0,0.0,0.0,0.04108527131782946,0.015503875968992248,0.0,0.0,0.34651162790697676,0.0007751937984496124,0.0,0.12170542635658915,0.0,0.017829457364341085
Gemmatimonadetes,0.045808124459809856,0.00216076058772688,0.015557476231633534,0.17545375972342264,0.06266205704407951,0.01944684528954192,0.06525496974935177,0.0,0.0,0.000864304235090752,0.0,0.032411408815903195,0.0,0.0,0.00216076058772688,0.0,0.003025064822817632,0.011668107173725151,0.0,0.003025064822817632,0.0,0.0,0.0,0.011668107173725151,0.018150388936905792,0.033707865168539325,0.0,0.000864304235090752,0.0,0.03327571305099395,0.0,0.04019014693171997,0.001728608470181504,0.027657735522904063,0.011668107173725151,0.0,0.006914433880726016,0.0,0.0,0.0,0.02549697493517718,0.0056179775280898875,0.0,0.0,0.000432152117545376,0.05185825410544512,0.0,0.02549697493517718,0.0,0.027657735522904063
Synergistetes,0.0,0.0,0.0,0.0,0.0,0.0,0.0,0.0,0.0,0.0,0.36,0.0,0.0,0.0,0.0,0.02,0.0,0.0,0.0,0.0,0.0,0.0,0.0,0.0,0.0,0.0,0.0,0.0,0.0,0.0,0.0,0.0,0.0,0.0,0.0,0.0,0.0,0.02,0.0,0.0,0.0,0.0,0.0,0.0,0.0,0.0,0.0,0.0,0.06,0.0
Caldithrix,0.0,0.0,0.0,0.0,0.0,1.2016129032258065,0.0,0.0,0.0,0.0,0.0,0.0,0.0,0.0,0.0,0.0,0.0,0.0,0.0,0.016129032258064516,0.0,0.0,0.0,0.4032258064516129,0.008064516129032258,0.0,0.0,0.0,0.0,0.0,0.0,0.0,0.0,0.0,0.0,0.0,0.0,0.0,0.0,0.0,0.0,0.024193548387096774,0.0,0.0,0.0,0.0,0.0,0.0,0.0,0.0
WS4,0.0,0.0,0.0,0.0,0.0,0.0,0.0,0.0,0.0,0.0,0.0,0.05714285714285714,0.0,0.0,0.0,0.0,0.0,0.0,0.0,0.0,0.0,0.0,0.0,0.0,0.0,0.05714285714285714,0.0,0.0,0.0,0.0,0.0,0.0,0.0,0.0,0.0,0.0,0.0,0.0,0.0,0.0,0.0,0.0,0.0,0.0,0.0,0.0,0.0,0.17142857142857143,0.0,0.0
OD1,0.00715307582260372,0.0,0.00357653791130186,0.0,0.0,0.006437768240343348,0.004291845493562232,0.0,0.000715307582260372,0.001430615164520744,0.0,0.01072961373390558,0.0,0.0,0.0,0.0,0.0,0.0,0.019313304721030045,0.005007153075822604,0.0,0.0,0.0,0.0,0.002861230329041488,0.01072961373390558,0.0,0.0,0.0,0.001430615164520744,0.0,0.00715307582260372,0.0,0.00715307582260372,0.0,0.0,0.0,0.0,0.0,0.0,0.000715307582260372,0.006437768240343348,0.0,0.0,0.12088698140200287,0.0,0.0,0.007868383404864092,0.0,0.0
Spirochaetes,0.004048582995951417,0.0,0.10607287449392712,0.0,0.0,0.014574898785425101,0.014574898785425101,0.0,0.0,0.0008097165991902834,0.0,0.12226720647773279,0.0024291497975708503,0.0,0.22348178137651822,0.0,0.0,0.0,0.011336032388663968,0.006477732793522267,0.0,0.0,0.0,0.02348178137651822,0.029959514170040485,0.06072874493927125,0.0,0.0008097165991902834,0.0,0.004858299595141701,0.0,0.0032388663967611335,0.0,0.09554655870445344,0.0,0.0,0.0,0.0,0.0,0.0,0.004858299595141701,0.0024291497975708503,0.0,0.0,0.0024291497975708503,0.0,0.0,0.0931174089068826,0.004858299595141701,0.022672064777327937
Crenarchaeota,0.009945750452079566,0.0,0.0009041591320072332,0.014466546112115732,0.0,0.2884267631103074,0.0,0.0,0.0,0.0,0.0,0.028933092224231464,0.0,0.0,0.018083182640144666,0.0,0.0027124773960217,0.007233273056057866,0.0,0.05877034358047016,0.0,0.0,0.0,0.0189873417721519,0.0009041591320072332,0.048824593128390596,0.0,0.0009041591320072332,0.0,0.006329113924050633,0.0,0.011754068716094032,0.003616636528028933,0.029837251356238697,0.0009041591320072332,0.0018083182640144665,0.06871609403254973,0.0,0.0,0.0,0.0018083182640144665,0.018083182640144666,0.0,0.0,0.0,0.0,0.0,0.02802893309222423,0.0,0.0
TPD-58,0.0,0.0,0.0,0.0,0.0,0.0,0.0,0.0,0.0,0.0,0.0,0.03333333333333333,0.0,0.0,0.0,0.0,0.0,0.0,0.0,0.0,0.0,0.0,0.0,0.0,0.0,0.0,0.0,0.0,0.0,0.0,0.0,0.0,0.0,0.16666666666666666,0.0,0.0,0.0,0.0,0.0,0.0,0.0,0.0,0.0,0.0,0.0,0.0,0.0,0.0,0.0,0.0
Fibrobacteres,0.0,0.0,0.0,0.004405286343612335,0.08370044052863436,0.02643171806167401,0.004405286343612335,0.0,0.0,0.0,0.03524229074889868,0.02643171806167401,0.0,0.0,0.0,0.0,0.0,0.0,0.0,0.0,0.0,0.0,0.0,0.03524229074889868,0.0,0.03303964757709251,0.0,0.0,0.0,0.0,0.0,0.0,0.0,0.039647577092511016,0.0,0.0,0.0,0.0,0.0,0.0,0.06828193832599119,0.0,0.0,0.0,0.0,0.004405286343612335,0.0,0.05726872246696035,0.0,0.0
TM7,0.0,0.007874015748031496,0.0,0.007874015748031496,0.0,0.0,0.0,0.0,0.0,0.0,0.0,0.003937007874015748,0.0,0.0,0.0,0.0,0.0,0.003937007874015748,0.0,0.0,0.0,0.0,0.0,0.0,0.0,0.0,0.0,0.0,0.0,0.0,0.0,0.0,0.0,0.0,0.0,0.0,0.0,0.0,0.0,0.0,0.0,0.0,0.0,0.0,0.0,0.0,0.0,0.0,0.0,0.0
Tenericutes,0.0,0.0,0.0026845637583892616,0.0,0.0,0.0174496644295302,0.0,0.0,0.0,0.0,0.01879194630872483,0.0013422818791946308,0.0,0.0,0.038926174496644296,0.0,0.0,0.0,0.006711409395973154,0.010738255033557046,0.0,0.0,0.0,0.0,0.10604026845637583,0.0026845637583892616,0.0,0.0,0.0,0.0,0.0,0.0,0.0,0.0013422818791946308,0.0,0.0,0.0,0.006711409395973154,0.0,0.0,0.0013422818791946308,0.0,0.0,0.0,0.052348993288590606,0.0,0.0,0.0,0.006711409395973154,0.0
GN02,0.0022471910112359553,0.0,0.0,0.0,0.0,0.015730337078651686,0.0,0.0,0.0,0.0,0.0,0.0022471910112359553,0.0,0.0,0.0,0.0,0.0,0.0,0.006741573033707865,0.0044943820224719105,0.0,0.0,0.0,0.017977528089887642,0.0022471910112359553,0.0044943820224719105,0.0,0.0,0.0,0.0,0.0,0.0,0.0,0.006741573033707865,0.0,0.0,0.0,0.0,0.0044943820224719105,0.0,0.0,0.0044943820224719105,0.0,0.0,0.04943820224719101,0.0,0.0,0.0,0.0022471910112359553,0.0
Chlamydiae,0.0018570102135561746,0.0018570102135561746,0.0,0.0009285051067780873,0.0,0.0064995357474466105,0.0,0.0,0.0,0.002785515320334262,0.0,0.0018570102135561746,0.005571030640668524,0.0,0.0,0.0,0.0,0.0,0.002785515320334262,0.0064995357474466105,0.0,0.0,0.0,0.0,0.003714020427112349,0.007428040854224698,0.0,0.01021355617455896,0.07799442896935933,0.003714020427112349,0.0,0.0009285051067780873,0.0,0.005571030640668524,0.0,0.0,0.0018570102135561746,0.0,0.0,0.0,0.002785515320334262,0.0,0.0,0.0,0.0,0.0,0.0,0.002785515320334262,0.0,0.0
OP8,0.0051813471502590676,0.0,0.0,0.0,0.0,0.0051813471502590676,0.0,0.0,0.0,0.0,0.0,0.012953367875647668,0.0,0.0,0.0,0.0,0.0,0.0,0.0,0.0051813471502590676,0.0,0.0,0.0,0.11398963730569948,0.0025906735751295338,0.012953367875647668,0.0,0.0,0.0,0.0,0.0,0.0,0.0,0.015544041450777202,0.0,0.0,0.0,0.0,0.0,0.0,0.13471502590673576,0.0,0.0,0.0,0.0,0.0,0.0,0.025906735751295335,0.0,0.0
PAUC34f,0.031578947368421054,0.0,0.0,0.0,0.0,0.05263157894736842,0.010526315789473684,0.0,0.0,0.0,0.0,0.0,0.0,0.0,0.0,0.0,0.0,0.0,0.0,0.0,0.0,0.0,0.0,0.010526315789473684,0.0,0.0,0.0,0.0,0.0,0.010526315789473684,0.0,0.010526315789473684,0.0,0.0,0.0,0.0,0.06315789473684211,0.0,0.0,0.0,0.0,0.021052631578947368,0.0,0.0,0.0,0.0,0.0,0.0,0.0,0.0
SAR406,0.0,0.0,0.0061162079510703364,0.0,0.0,0.0,0.0,0.0,0.0,0.0,0.0,0.0,0.0,0.0,0.0672782874617737,0.0,0.0,0.0,0.0,1.6697247706422018,0.0,0.0,0.0,0.04892966360856269,0.0030581039755351682,0.0,0.0,0.0,0.0,0.0,0.0,0.0,0.0,0.0,0.0,0.0,0.2966360856269113,0.0,0.0,0.0,0.0,0.0,0.0,0.0,0.08868501529051988,0.0,0.0,0.0,0.0,0.0
Hyd24-12,0.0,0.0,0.0,0.0,0.0,0.0,0.0,0.0,0.0,0.0,0.0,0.0,0.0,0.0,0.36,0.0,0.0,0.0,0.04,0.0,0.0,0.0,0.0,0.04,0.0,0.0,0.0,0.0,0.0,0.0,0.0,0.0,0.0,0.0,0.0,0.0,0.0,0.0,0.0,0.0,0.08,0.0,0.0,0.0,0.0,0.0,0.0,0.0,0.0,0.0
GN04,0.03134796238244514,0.0,0.0,0.0,0.0,0.14106583072100312,0.0,0.0,0.0,0.0,0.0,0.03134796238244514,0.006269592476489028,0.0,0.06583072100313479,0.0,0.0,0.0,0.009404388714733543,0.0,0.0,0.0,0.0,0.08463949843260188,0.003134796238244514,0.09404388714733543,0.0,0.0,0.0,0.012539184952978056,0.0,0.0219435736677116,0.0,0.08150470219435736,0.0,0.0,0.0,0.0,0.0,0.0,0.018808777429467086,0.003134796238244514,0.0,0.0,0.0,0.0,0.0,0.02821316614420063,0.0,0.0
Armatimonadetes,0.0067178502879078695,0.012476007677543186,0.0019193857965451055,0.01055662188099808,0.053742802303262956,0.0,0.02399232245681382,0.0,0.018234165067178502,0.0,0.0,0.02399232245681382,0.0009596928982725527,0.0,0.0,0.0,0.0,0.0009596928982725527,0.011516314779270634,0.0009596928982725527,0.0,0.026871401151631478,0.0,0.0,0.0009596928982725527,0.03262955854126679,0.0,0.0019193857965451055,0.0,0.0067178502879078695,0.0,0.008637236084452975,0.0,0.03262955854126679,0.0,0.0,0.0,0.0,0.0,0.0,0.045105566218809984,0.0009596928982725527,0.0,0.0,0.0,0.02783109404990403,0.0,0.019193857965451054,0.0,0.0
MVS-104,0.0,0.0,0.0,0.0,0.0,0.0,0.0,0.0,0.0,0.0,0.0,0.07407407407407407,0.0,0.0,0.0,0.0,0.0,0.0,0.0,0.037037037037037035,0.0,0.0,0.0,0.14814814814814814,0.0,0.14814814814814814,0.0,0.0,0.0,0.0,0.0,0.0,0.0,0.1111111111111111,0.0,0.0,0.0,0.0,0.0,0.0,0.0,0.0,0.0,0.0,0.0,0.0,0.0,0.0,0.0,0.0
Lentisphaerae,0.0,0.0,0.013262599469496022,0.0,0.0,0.023872679045092837,0.002652519893899204,0.0,0.005305039787798408,0.0,0.0,0.0,0.0,0.0,0.058355437665782495,0.0,0.0,0.0,0.0,0.021220159151193633,0.0,0.0,0.007957559681697613,0.005305039787798408,0.03713527851458886,0.0,0.0,0.0,0.0,0.0,0.0,0.0,0.0,0.005305039787798408,0.0,0.0,0.0,0.0,0.0,0.0,0.0,0.013262599469496022,0.0,0.0,0.0,0.0,0.0,0.0,0.0,0.0
Thermi,0.0,0.0,0.15139442231075698,0.0,0.0,0.0,0.027888446215139442,0.0,0.01593625498007968,0.0,0.0,0.0,0.0,0.0,0.05976095617529881,0.0,0.0,0.09163346613545817,0.0,0.0,0.0,0.0,0.0,0.0,0.00398406374501992,0.0,0.00398406374501992,0.0,0.0,0.027888446215139442,0.0,0.027888446215139442,0.01195219123505976,0.0,0.0,0.00398406374501992,0.0,0.0,0.0,0.0,0.0,0.0,0.0,0.0,0.0,0.0,0.0,0.0,0.0,0.0
CD12,0.0,0.0,0.0,0.0,0.0,0.0,0.0,0.0,0.0,0.0,0.0,0.0,0.0,0.0,0.0,0.0,0.0,0.0,0.0,0.0,0.0,0.0,0.0,0.058823529411764705,0.0,0.0,0.058823529411764705,0.0,0.0,0.0,0.0,0.0,0.0,0.0,0.0,0.0,0.0,0.0,0.0,0.0,0.0,0.0,0.0,0.0,0.0,0.0,0.0,0.0,0.0,0.0
Caldiserica,0.0,0.0,0.0,0.0,0.0,0.0,0.0,0.0,0.0,0.0,0.0,0.0,0.0,0.0,0.0,0.0,0.0,0.0,0.3333333333333333,0.0,0.0,0.0,0.0,0.0,0.0,0.16666666666666666,0.0,0.0,0.0,0.0,0.0,0.0,0.0,0.0,0.0,0.0,0.0,0.0,0.0,0.0,0.041666666666666664,0.0,0.0,0.0,0.0,0.0,0.0,0.041666666666666664,0.0,0.0
SBR1093,0.0,0.0,0.0,0.0,0.0,0.10869565217391304,0.0,0.0,0.0,0.0,0.0,0.0,0.06521739130434782,0.0,0.0,0.0,0.0,0.0,0.0,0.0,0.0,0.0,0.0,0.0,0.0,0.0,0.0,0.0,0.0,0.0,0.0,0.0,0.0,0.0,0.0,0.0,0.0,0.0,0.0,0.0,0.0,0.0,0.0,0.0,0.0,0.0,0.0,0.0,0.0,0.0
OP11,0.0032258064516129032,0.0,0.0,0.0,0.0,0.0,0.0032258064516129032,0.0,0.0,0.0,0.0,0.016129032258064516,0.0064516129032258064,0.0,0.0,0.0,0.0,0.0,0.01935483870967742,0.0,0.0,0.0,0.0,0.0,0.0,0.02258064516129032,0.0,0.0,0.0,0.0,0.0,0.0,0.0,0.012903225806451613,0.0,0.0,0.0,0.0,0.0,0.0,0.0032258064516129032,0.0,0.0,0.0,0.0032258064516129032,0.0,0.0,0.00967741935483871,0.0,0.0
BRC1,0.0,0.0,0.0,0.0,0.0,0.024630541871921183,0.0,0.0,0.0,0.0,0.0,0.0049261083743842365,0.0,0.0,0.03940886699507389,0.0,0.0049261083743842365,0.0049261083743842365,0.0049261083743842365,0.0,0.0,0.0,0.0,0.014778325123152709,0.0,0.0,0.0,0.0,0.0,0.0049261083743842365,0.0,0.0,0.0,0.009852216748768473,0.0,0.0,0.0,0.0,0.0,0.0,0.0049261083743842365,0.0,0.0,0.0,0.0,0.0,0.0,0.0049261083743842365,0.0,0.0
GAL15,0.043478260869565216,0.0,0.0,0.043478260869565216,0.0,0.0,0.0,0.0,0.0,0.0,0.0,0.0,0.0,0.0,0.0,0.0,0.0,0.0,0.0,0.0,0.0,0.0,0.0,0.0,0.0,0.043478260869565216,0.0,0.0,0.0,0.0,0.0,0.0,0.0,0.0,0.043478260869565216,0.0,0.0,0.0,0.0,0.0,0.0,0.0,0.0,0.0,0.0,0.0,0.0,0.0,0.0,0.0
Fusobacteria,0.0,0.0,0.0,0.0,0.013636363636363636,0.0,0.0,0.0,0.0,0.004545454545454545,0.0,0.004545454545454545,0.0,0.85,0.0,0.08636363636363636,0.0,1.0818181818181818,0.0,0.031818181818181815,0.004545454545454545,0.0,0.2409090909090909,0.01818181818181818,0.02727272727272727,0.0,0.013636363636363636,0.0,0.0,0.0,0.0,0.0,0.0,0.01818181818181818,0.0,0.0,0.0,0.0,0.0,0.0,0.0,0.004545454545454545,0.00909090909090909,0.0,0.09545454545454546,0.0,0.0,0.0,2.5636363636363635,0.0
NKB19,0.0,0.0,0.0,0.0,0.07655502392344497,0.023923444976076555,0.009569377990430622,0.0,0.0,0.009569377990430622,0.0,0.004784688995215311,0.0,0.0,0.0,0.0,0.0,0.0,0.10047846889952153,0.0,0.0,0.0,0.0,0.014354066985645933,0.0,0.0,0.0,0.0,0.0,0.009569377990430622,0.0,0.004784688995215311,0.0,0.0,0.0,0.0,0.0,0.0,0.0,0.0,0.0,0.004784688995215311,0.0,0.0,0.0,0.0,0.0,0.004784688995215311,0.0,0.0
SC4,0.0,0.0,0.0,0.0,0.0,0.0,0.0,0.0,0.0,0.0,0.0,0.0,0.0,0.0,0.0,0.0,0.0,0.0,0.0,0.0,0.0,0.0,0.0,0.075,0.0,0.025,0.0,0.0,0.0,0.0,0.0,0.0,0.0,0.0,0.0,0.0,0.0,0.0,0.0,0.0,0.0,0.0,0.0,0.0,0.0,0.0,0.0,0.0,0.0,0.0
GOUTA4,0.0,0.0,0.0,0.0,0.0,0.022988505747126436,0.0,0.0,0.0,0.0,0.0,0.06896551724137931,0.0,0.0,0.0,0.0,0.0,0.0,0.0,0.0,0.0,0.0,0.0,0.0,0.0,0.08045977011494253,0.0,0.0,0.0,0.04597701149425287,0.0,0.09195402298850575,0.0,0.1724137931034483,0.0,0.0,0.0,0.0,0.0,0.0,0.0,0.0,0.0,0.0,0.0,0.0,0.0,0.09195402298850575,0.0,0.0
OP1,0.0,0.0,0.0,0.0,0.0,0.0,0.0,0.0,0.0,0.0,0.0,0.0,0.0,0.0,0.0,0.0,0.0,0.0,0.0,0.01818181818181818,0.0,0.0,0.0,0.0,0.0,0.0,0.0,0.0,0.0,0.0,0.0,0.0,0.0,0.0,0.0,0.0,0.0,0.0,0.0,0.0,0.0,0.0,0.0,0.0,0.0,0.0,0.0,0.0,0.0,0.0
ZB3,0.0,0.0,0.0,0.0,0.0,0.0,0.0,0.0,0.0,0.0,0.0,0.0,0.0,0.0,0.0,0.0,0.0,0.0,0.0,0.0,0.0,0.0,0.0,0.0,0.15384615384615385,0.0,0.0,0.0,0.0,0.0,0.0,0.0,0.0,0.038461538461538464,0.0,0.0,0.0,0.0,0.0,0.0,0.0,0.0,0.0,0.0,0.0,0.0,0.0,0.0,0.0,0.0
FCPU426,0.0,0.0,0.0,0.0,0.0,0.1276595744680851,0.0,0.0,0.0,0.0,0.0,0.02127659574468085,0.0,0.0,0.14893617021276595,0.0,0.0,0.0,0.0,0.0,0.0,0.0,0.0,0.0,0.0,0.0425531914893617,0.0,0.3404255319148936,0.0,0.0,0.0,0.0,0.0,0.06382978723404255,0.0,0.0,0.0,0.0,0.0,0.0,0.0,0.0,0.0,0.0,0.0,0.0,0.0,0.06382978723404255,0.0,0.0
Poribacteria,0.0,0.0,0.0,0.0,0.0,0.0,0.0,0.0,0.0,0.0,0.0,0.0,0.0,0.0,0.0,0.0,0.0,0.0,0.0,0.0,0.0,0.0,0.0,0.19230769230769232,0.0,0.0,0.0,0.0,0.0,0.0,0.0,0.0,0.0,0.0,0.0,0.0,0.0,0.0,0.0,0.0,0.0,0.038461538461538464,0.0,0.0,0.0,0.0,0.0,0.0,0.0,0.0
WS5,0.0,0.0,0.0,0.0,0.0,0.0,0.0,0.0,0.0,0.0,0.0,0.0,0.0,0.0,0.0,0.0,0.0,0.0,0.0,0.0,0.0,0.0,0.0,0.0,0.0,0.029411764705882353,0.0,0.0,0.0,0.0,0.0,0.0,0.0,0.0,0.0,0.0,0.0,0.0,0.0,0.0,0.029411764705882353,0.029411764705882353,0.0,0.0,0.0,0.0,0.0,0.0,0.0,0.0
WWE1,0.0,0.0,0.0,0.0,0.0,0.0,0.0,0.0,0.0,0.0,0.0,0.0,0.0,0.0,0.0,0.0,0.0,0.0,0.0,0.1791044776119403,0.0,0.0,0.0,0.014925373134328358,0.0,0.0,0.0,0.0,0.0,0.0,0.0,0.0,0.0,0.029850746268656716,0.0,0.0,0.0,0.0,0.0,0.0,0.014925373134328358,0.0,0.0,0.0,1.7462686567164178,0.0,0.0,0.0,0.0,0.0
OP9,0.0,0.0,0.23076923076923078,0.0,0.0,0.0,0.0,0.0,0.0,0.0,0.0,0.0,0.0,0.0,0.46153846153846156,0.0,0.0,0.0,0.0,0.0,0.0,0.0,0.0,0.07692307692307693,0.0,0.0,0.0,0.0,0.0,0.0,0.0,0.0,0.0,0.0,0.0,0.0,0.0,0.0,0.0,0.0,0.0,0.3333333333333333,0.0,0.0,0.0,0.0,0.0,0.0,0.0,0.0
WS2,0.0,0.0,0.0,0.011904761904761904,0.0,0.03571428571428571,0.0,0.0,0.0,0.0,0.0,0.011904761904761904,0.011904761904761904,0.0,0.0,0.0,0.0,0.0,0.0,0.0,0.0,0.0,0.0,0.0,0.0,0.011904761904761904,0.0,0.0,0.0,0.011904761904761904,0.0,0.0,0.0,0.08333333333333333,0.0,0.0,0.0,0.0,0.0,0.0,0.0,0.0,0.0,0.0,0.0,0.0,0.0,0.0,0.0,0.0
NC10,0.09836065573770492,0.0,0.0,0.0,0.0,0.0,0.0,0.0,0.0,0.0,0.0,0.2786885245901639,0.0,0.0,0.0,0.0,0.0,0.0,0.0,0.01639344262295082,0.0,0.0,0.0,0.0,0.0,0.21311475409836064,0.0,0.0,0.0,0.0,0.0,0.08196721311475409,0.0,0.2459016393442623,0.0,0.0,0.0,0.0,0.0,0.0,0.01639344262295082,0.0,0.0,0.0,0.0,0.0,0.0,0.19672131147540983,0.0,0.0
TA06,0.0,0.0,0.0,0.0,0.0,0.0,0.0,0.0,0.0,0.0,0.0,0.0,0.0,0.0,0.5384615384615384,0.0,0.0,0.0,0.0,0.0,0.0,0.0,0.0,0.0,0.0,0.07692307692307693,0.0,0.0,0.0,0.0,0.0,0.0,0.0,0.0,0.0,0.0,0.0,0.0,0.0,0.0,0.0,0.0,0.0,0.0,0.0,0.0,0.0,0.0,0.0,0.0
WPS-2,0.0,0.0,0.0,0.0234375,0.109375,0.0,0.0078125,0.0,0.0,0.0,0.0,0.0,0.0,0.0,0.0,0.0,0.0,0.0,0.0,0.0,0.0,0.0,0.0,0.0,0.0078125,0.0,0.0,0.0,0.0,0.0,0.0,0.0,0.0078125,0.0,0.0625,0.0,0.0,0.0,0.0,0.0,0.0078125,0.0,0.0,0.0,0.0,0.03125,0.0,0.0,0.0,0.046875
AC1,0.0,0.0,0.0,0.0,0.0,0.0,0.0,0.0,0.0,0.0,0.0,0.015748031496062992,0.0,0.0,0.0,0.0,0.0,0.0,0.0,0.0,0.0,0.0,0.0,0.007874015748031496,0.0,0.047244094488188976,0.0,0.0,0.0,0.0,0.0,0.0,0.0,0.023622047244094488,0.0,0.0,0.0,0.0,0.0,0.0,0.0,0.007874015748031496,0.0,0.0,0.0,0.0,0.0,0.03937007874015748,0.0,0.0
AD3,0.0,0.0,0.0,0.0273972602739726,0.3698630136986301,0.0,0.0,0.0,0.0,0.0,0.0,0.0,0.0,0.0,0.0,0.0,0.0,0.0,0.0,0.0,0.0,0.0,0.0,0.0,0.0,0.0,0.0,0.0547945205479452,0.0,0.0,0.0,0.0,0.0,0.0,0.0273972602739726,0.0,0.0,0.0,0.0,0.0,0.0,0.0,0.0,0.0,0.0,0.0,0.0,0.0,0.0,0.0
Aquificae,0.0,0.0,0.0,0.0,0.0,0.0,0.0,0.0,0.0,0.0,0.0,0.0,0.0,0.0,0.0,0.0,0.0,0.0,0.0,0.0,0.0,0.0,0.0,0.0,0.0,0.0,0.0,0.0,0.0,0.0,0.0,0.0,0.0,0.0,0.0,0.0,0.0,0.0,0.0,0.0,0.0,0.0,0.0,0.0,0.0,0.0,0.0,0.0,0.0,0.0
NPL-UPA2,0.0,0.0,0.0,0.0,0.0,0.0,0.0,0.0,0.0,0.0,0.0,0.0,0.0,0.0,0.0,0.0,0.0,0.0,0.0,0.0,0.0,0.0,0.0,0.0,0.0,0.0,0.0,0.0,0.0,0.0,0.0,0.0,0.0,0.0,0.0,0.0,0.0,0.0,0.0,0.0,0.0,0.0,0.0,0.0,0.0,0.0,0.0,0.0,0.0,0.0
LCP-89,0.0,0.0,0.0,0.0,0.0,0.0,0.0,0.0,0.0,0.0,0.0,0.0,0.0,0.0,0.15,0.0,0.0,0.0,0.0,0.0,0.0,0.0,0.0,0.05,0.0,0.0,0.0,0.0,0.0,0.0,0.0,0.0,0.0,0.0,0.0,0.0,0.0,0.0,0.0,0.0,0.0,0.0,0.0,0.0,0.0,0.0,0.0,0.0,0.0,0.0
OC31,0.75,0.0,0.0,0.0,0.0,0.0,0.25,0.0,0.0,0.0,0.0,0.0,0.0,0.0,0.0,0.0,0.0,0.0,0.0,0.0,0.0,0.0,0.0,0.0,0.0,0.0,0.0,0.0,0.0,0.75,0.0,1.5,0.0,0.0,0.0,0.0,0.0,0.0,0.0,0.0,0.0,0.0,0.0,0.0,0.0,0.0,0.0,0.0,0.0,0.0
AncK6,0.0625,0.0,0.0,0.0,0.0,0.0,0.0,0.0,0.0,0.0,0.0,0.0,0.0,0.0,0.0,0.0,0.0,0.0,0.0,0.0,0.0,0.0,0.0,0.0,0.0,0.0,0.0,0.0,0.0,0.0625,0.0,0.0625,0.0,0.0,0.0,0.0,0.0,0.0,0.0,0.0,0.0,0.0,0.0,0.0,0.0,0.0,0.0,0.0,0.0,0.0
LD1,0.0,0.0,0.0,0.0,0.0,0.0,0.0,0.0,0.0,0.0,0.0,0.0,0.0,0.0,0.0,0.0,0.0,0.0,0.0,0.0,0.0,0.0,0.0,0.0,0.0,0.0,0.0,0.0,0.0,0.0,0.0,0.0,0.0,0.0,0.0,0.0,0.0,0.0,0.0,0.0,0.0,0.0,0.0,0.0,0.0,0.0,0.0,0.0,0.0,0.0
BHI80-139,0.0,0.0,0.0,0.0,0.0,0.0,0.0,0.0,0.0,0.0,0.0,0.0,0.0,0.0,0.0,0.0,0.0,0.0,0.0,0.0,0.0,0.0,0.0,0.0,0.0,0.0,0.0,0.0,0.0,0.0,0.0,0.0,0.0,0.0,0.0,0.0,0.0,0.0,0.0,0.0,0.0,0.0,0.0,0.0,0.0,0.0,0.0,0.0,0.0,0.0
OctSpA1-106,0.0,0.0,0.0,0.0,0.0,0.0,0.0,0.0,0.0,0.0,0.0,0.0,0.0,0.0,0.0,0.0,0.0,0.0,0.0,0.0,0.0,0.0,0.0,0.0,0.0,0.0,0.0,0.0,0.0,0.0,0.0,0.0,0.0,0.0,0.0,0.0,0.0,0.0,0.0,0.0,0.0,0.0,0.0,0.0,0.0,0.0,0.0,0.0,0.0,0.0
Thermotogae,0.0,0.0,0.2,0.0,0.0,0.0,0.0,0.0,0.0,0.0,0.0,0.0,0.0,0.0,0.6,0.0,0.0,0.0,0.0,0.0,0.0,0.0,0.0,0.0,0.0,0.0,0.0,0.0,0.0,0.0,0.0,0.0,0.0,0.0,0.0,0.0,0.0,0.0,0.0,0.0,0.0,0.0,0.0,0.0,0.0,0.0,0.0,0.0,0.0,0.0
H-178,0.0,0.0,0.0,0.0,0.0,0.0,0.0,0.0,0.0,0.0,0.0,0.0,0.0,0.0,0.0,0.0,0.0,0.0,0.0,0.0,0.0,0.0,0.0,0.0,0.2631578947368421,0.0,0.0,0.0,0.0,0.0,0.0,0.0,0.0,0.0,0.0,0.0,0.0,0.0,0.0,0.0,0.0,0.0,0.0,0.0,0.0,0.0,0.0,0.0,0.0,0.0
Kazan-3B-28,0.0,0.0,0.0,0.0,0.0,0.0,0.0,0.0,0.0,0.0,0.0,0.0,0.0,0.0,0.0,0.0,0.0,0.0,0.0,0.0,0.0,0.0,0.0,0.0,0.0,0.0,0.0,0.0,0.0,0.0,0.0,0.0,0.0,0.0,0.0,0.0,0.0,0.0,0.0,0.0,0.0,0.0,0.0,0.0,0.0,0.0,0.0,0.0,0.0,0.0
VHS-B3-43,0.0,0.0,0.0,0.0,0.0,0.0,0.0,0.0,0.0,0.0,0.0,0.0,0.0,0.0,0.0,0.0,0.0,0.0,0.0,0.0,0.0,0.0,0.0,0.3333333333333333,0.0,0.0,0.0,0.0,0.0,0.0,0.0,0.0,0.0,0.0,0.0,0.0,0.0,0.0,0.0,0.0,0.0,0.0,0.0,0.0,0.0,0.0,0.0,0.0,0.0,0.0
Deferribacteres,0.0,0.0,0.0,0.0,0.0,0.0,0.0,0.0,0.0,0.0,0.0,0.0,0.0,0.0,0.0,0.0,0.0,0.0,0.0,0.0,0.0,0.0,0.0,0.0,0.0,0.0,0.0,0.0,0.0,0.0,0.0,0.0,0.0,0.0,0.0,0.0,0.0,0.0,0.0,0.0,0.0,0.0,0.0,0.0,0.0,0.0,0.0,0.0,0.0,0.0
MAT-CR-M4-B07,0.0,0.0,0.0,0.0,0.0,0.0,0.0,0.0,0.0,0.0,0.0,0.0,0.0,0.0,0.0,0.0,0.0,0.0,0.0,0.0,0.0,0.0,0.0,0.0,0.0,0.0,0.0,0.0,0.0,0.0,0.0,0.0,0.0,0.0,0.0,0.0,0.0,0.0,0.0,0.0,0.0,0.0,0.0,0.0,0.0,0.0,0.0,0.0,0.0,0.0
