,1453.44568SDZ5.C7.Pnem.jeju,910.CuracaoTurf2A,804.Julie.6,550.L6S289.s.6.sequence,1642.MS00456,958.O.25,722.AQC7cm.6.s.7.1.sequence,933.N.2.3.S.E.4,1056.Cho.hof.Atlan.1.1,1064.G.CV283,1883.2011.54.Crump.Artic.LTREB.main.lane3.NoIndex,807.C.F.11.a,2382.DPOO1.C1.HA.5.650.gp.9.12.lane8.NoIndex.L008.sequences,1883.2007.368.Crump.Artic.LTREB.main.lane2.NoIndex,804.3862.1219,1747.DZF.6272012.KK.mulch.substrate,905.SA.Station.3.t0,1064.H.CJV195,2382.SH005.C3.RH.4.670.gp.9.12.lane8.NoIndex.L008.sequences,2229.S1.N1.7.HE4.Thomas.CMB.Seaweed.lane6.NoIndex.L006,1064.G.CJV174,2338.0628.13.M,1064.G.CV333,945.P13.B3.lane5.NoIndex.L005,1747.DZF.6132012.TJ.tree.in.central.planter.leaves,1773.Zono.capensis1.ugi,1773.Thraupis.gauco3.gizz,910.CuracaoTurf4C,1717.36L.low.fertilizer,1240.0109T,2382.SH005.C3.RH.1.655.gp.9.12.lane8.NoIndex.L008.sequences,1453.46834SDZ4.B7.Pnem.stom,722.NP5.2.s.2.1.sequence,1773.Columb.passer7.ugi,933.T.2.2.H.P.4,2382.DPOO1.C1.HA.4.645.gp.9.12.lane8.NoIndex.L008.sequences,662.C2,1481.NA.07.T8,550.L6S309.s.6.sequence,1039.P.Massambaba.HA,910.PocTA3,1642.MS00475,933.T.2.1.H.E.4,662.M40,1774.34.Oral.Puer,1714.McG.LB210,1453.45300SDZ4.E7.Pnem.feces,1064.H.CV209,809.PLRP5.55,804.H08.080105.Bio5slurpB1.0428.3.1
Bacteroidetes,0.10513400064578625,0.0,0.05534388117533096,0.0833710041976106,0.02098805295447207,0.11914756215692605,0.01717791411042945,0.049015175976751695,0.13445269615757185,0.0011624152405553762,0.048563125605424605,0.025056506296415888,0.0,0.01123668065870197,0.06825960607039071,0.03080400387471747,0.01808201485308363,0.0,0.0,0.051985792702615434,0.0,0.0,0.0,0.082596060703907,0.045527930255085565,0.06451404585082338,0.012980303519535033,0.0637391023571198,0.008136906683887633,0.03500161446561188,0.0010332579916047789,0.14071682273167582,0.08931223764933807,0.016402970616725864,0.017759121730707136,0.0,0.014013561511139814,0.008911850177591217,0.12967387794639973,0.007426541814659348,0.14484985469809494,0.029189538262835,0.03028737487891508,0.11133354859541492,0.00923474329996771,0.0018082014853083629,0.11281885695834679,0.0002583144979011947,0.012528253148207944,0.04281562802712302
WS3,0.0,0.0,0.004542013626040878,0.0,0.02195306585919758,0.0,0.013626040878122634,0.0,0.0,0.0,0.004542013626040878,0.01968205904617714,0.0,0.10068130204390613,0.0,0.0,0.022710068130204392,0.0,0.0,0.0,0.0,0.0,0.0,0.0,0.0,0.0,0.0,0.0,0.021196063588190765,0.0,0.0,0.0,0.0,0.0,0.012112036336109008,0.0,0.0,0.0,0.0,0.006813020439061317,0.0,0.02498107494322483,0.0,0.0,0.0,0.0,0.0,0.0,0.022710068130204392,0.0
Elusimicrobia,0.0,0.0,0.006028636021100226,0.0,0.024868123587038434,0.0,0.0015071590052750565,0.0,0.0,0.0,0.0037678975131876413,0.024114544084400905,0.0,0.03014318010550113,0.0,0.0,0.0,0.0,0.0,0.0,0.0,0.0,0.0,0.0,0.0,0.0,0.0,0.0,0.02562170308967596,0.0,0.0,0.0,0.0,0.0,0.002260738507912585,0.0,0.0,0.0,0.0,0.0,0.0,0.019593067068575734,0.0,0.0,0.0,0.006028636021100226,0.0,0.0,0.0007535795026375283,0.0
Proteobacteria,0.03466348749325175,0.06903455101673565,0.0688321036530502,0.049307180133165374,0.03261651970487673,0.007040669425949254,0.016218283246355946,0.08165377001979485,0.013024113730430088,0.08181122908043909,0.059092136044628395,0.06059924419650891,0.0020919560914162316,0.03304390858376822,0.07832463559474537,0.05097174734569012,0.07056415332013677,0.061701457621018536,0.00024743566672665105,0.06584038150080979,0.05454831743746626,0.08842450962749684,0.09924419650890769,0.0256883210365305,0.026520604642792874,0.06066672665107072,0.01158448803311139,0.05866474716573691,0.03241407234119129,0.05774248695339212,0.0007872953032211625,0.0049487133345330215,0.027892747885549758,0.02510347309699478,0.0808889688680943,0.00035990642432967427,0.07974176714054346,0.00125967248515386,0.03144682382580529,0.014643692639913622,0.04138923879791254,0.03770019794853338,0.09098884290084577,0.05045438186071621,0.020627136944394456,0.04098434407054166,0.024473636854417852,0.09942414972107252,0.0668751124707576,0.05070181752744286
Acidobacteria,0.0,0.0,0.004918904546663122,0.0,0.09372507311885137,0.0,0.0053177346450412125,0.00013294336612603032,0.0,0.0,0.011300186120712576,0.06673756979526721,0.0,0.08003190640787025,0.0,0.01808029779314012,0.013161393246477,0.0,0.0,0.0,0.0,0.0,0.0,0.0025259239563945757,0.004918904546663122,0.0,0.0,0.00026588673225206064,0.1438447221483648,0.0,0.0,0.0,0.0,0.0,0.028981653815474608,0.0,0.0,0.0,0.0,0.3565541079500133,0.0,0.07803775591597979,0.0,0.0,0.0,0.27306567402286624,0.0,0.0,0.04201010369582558,0.009173092262696091
Parvarchaeota,0.0,0.0,0.0,0.0,0.02011095700416089,0.0,0.0062413314840499305,0.0,0.0,0.0,0.009708737864077669,0.005547850208044383,0.0,0.02912621359223301,0.0,0.0,0.0,0.0,0.0,0.0,0.0,0.0,0.0,0.0,0.0,0.0,0.0,0.0,0.0,0.0,0.0,0.0,0.0,0.0,0.0,0.0,0.0,0.0,0.0,0.0,0.0,0.008321775312066574,0.0,0.0,0.0,0.0,0.0,0.0,0.0,0.0
Verrucomicrobia,0.010198135198135198,0.0,0.0168997668997669,0.0,0.03918997668997669,0.0,0.014714452214452214,0.04938811188811189,0.00743006993006993,0.0,0.0236013986013986,0.016462703962703964,0.0,0.0337995337995338,0.0013111888111888112,0.024329836829836828,0.0024766899766899765,0.0,0.0,0.005973193473193473,0.0,0.0,0.0,0.03175990675990676,0.001456876456876457,0.06672494172494173,0.018502331002331004,0.0,0.05929487179487179,0.012674825174825174,0.0008741258741258741,0.00043706293706293706,0.010635198135198136,0.026952214452214452,0.060897435897435896,0.0,0.0005827505827505828,0.0,0.0,0.20148601398601398,0.0,0.03394522144522145,0.011363636363636364,0.036567599067599064,0.0,0.05332167832167832,0.001456876456876457,0.0,0.028263403263403264,0.11902680652680653
Firmicutes,0.12693058760873424,0.0,0.027516421090005325,0.08805254748801704,0.02920291141487662,0.19962719687555477,0.0023965915142907866,0.0,0.15151784129238416,0.1054500266287946,0.013403159950292917,0.0,0.0,0.0,8.876264867743653e-05,0.061690040830818395,0.0434936978519439,0.1721995384342269,0.0,0.0002662879460323096,0.2223504349369785,0.0942659328954376,0.04331617255458903,0.0,0.13909107047754304,0.0022190662169359133,0.3569146103319723,0.0012426770814841115,0.0017752529735487307,0.0,8.876264867743653e-05,0.15071897745428722,0.0002662879460323096,0.05387892774720398,0.0044381324338718265,0.0,0.0,0.4103497248357891,0.07926504526895083,0.0018640156222261672,0.010562755192614948,0.016953665897390377,8.876264867743653e-05,0.0,0.26300372803124444,0.00017752529735487306,0.16918160837919405,0.0015089650275164211,0.0,0.0011539144328066749
Planctomycetes,0.0,0.0,0.005924071756362119,0.0,0.008927826449728827,0.0,0.003254067584480601,0.010763454317897372,0.00016687526074259492,0.0,0.00851063829787234,0.021443471005423445,0.0,0.021526908635794744,0.0,0.00784313725490196,0.00392156862745098,0.0,0.0,0.039799749687108886,0.0,0.0,0.0,0.005089695452649145,0.0008343763037129745,0.03112223612849395,0.005757196495619525,0.00016687526074259492,0.008427200667501043,0.0006675010429703797,8.343763037129746e-05,0.0,0.0012515644555694619,0.007926574885273258,0.015519399249061327,0.0,0.0,0.0,0.0,0.0006675010429703797,0.0,0.008760951188986232,0.026282853566958697,0.0006675010429703797,0.0,0.013183145598664998,0.0,0.0,0.014351272423863162,0.04080100125156445
SR1,0.0,0.0,0.0,0.0,0.0,0.0,0.022857142857142857,0.005714285714285714,0.0,0.0,0.0,0.0,0.0,0.0,0.0,0.017142857142857144,0.0,0.0,0.0,0.0,0.0,0.0,0.0,0.0,0.0,0.0,0.0,0.0,0.0,0.0,0.0,0.0,0.0,0.0,0.0,0.0,0.0,0.0,0.0,0.0,0.0,0.0,0.0,0.022857142857142857,0.022857142857142857,0.0,0.0,0.0,0.0,0.0
Chloroflexi,0.0,0.0,0.005463262348087858,0.0,0.05496710893076151,0.0,0.011595495595941576,0.0,0.0,0.0,0.01315642769539525,0.013713903445200133,0.0,0.01415988404504404,0.0,0.003010369048946371,0.037685360686810124,0.0,0.0,0.0002229902999219534,0.0,0.0,0.0,0.0010034563496487902,0.004571301148400045,0.0,0.0,0.0001114951499609767,0.03824283643661501,0.0,0.0001114951499609767,0.0,0.0,0.0007804660497268369,0.003790835098673208,0.0,0.0,0.0,0.0,0.006020738097892742,0.0,0.04281413758501505,0.0,0.0,0.0,0.011038019846136693,0.0,0.0,0.02497491359125878,0.003790835098673208
KSB3,0.0,0.0,0.0,0.0,0.0,0.0,0.0,0.0,0.0,0.0,0.0,0.0,0.0,0.0,0.0,0.0,0.05,0.0,0.0,0.0,0.0,0.0,0.0,0.0,0.0,0.0,0.0,0.0,0.0,0.0,0.0,0.0,0.0,0.0,0.0,0.0,0.0,0.0,0.0,0.0,0.0,0.025,0.0,0.0,0.0,0.0,0.0,0.0,0.0,0.0
TM6,0.0,0.0,0.0,0.0,0.0009881422924901185,0.0,0.0009881422924901185,0.0,0.0,0.0,0.0,0.0009881422924901185,0.0,0.004940711462450593,0.0,0.004940711462450593,0.001976284584980237,0.0,0.0,0.0,0.0,0.0,0.0,0.0,0.0029644268774703555,0.0,0.0,0.3774703557312253,0.001976284584980237,0.001976284584980237,0.0,0.0,0.0,0.001976284584980237,0.001976284584980237,0.0,0.0,0.0,0.0,0.0009881422924901185,0.001976284584980237,0.0,0.0,0.0009881422924901185,0.0,0.0,0.0,0.0,0.015810276679841896,0.001976284584980237
Euryarchaeota,0.01507537688442211,0.0,0.001507537688442211,0.0,0.022613065326633167,0.0,0.032160804020100506,0.0,0.011055276381909548,0.0,0.0,0.0,0.0,0.0035175879396984926,0.0,0.0,0.005025125628140704,0.0,0.0,0.0,0.0,0.0,0.0,0.0,0.024623115577889446,0.0,0.0,0.0,0.0,0.17185929648241205,0.0,0.022110552763819097,0.021608040201005024,0.0,0.0,0.0,0.0,0.0,0.0,0.0,0.0005025125628140704,0.034170854271356785,0.0,0.0,0.0,0.0,0.003015075376884422,0.0,0.0,0.0005025125628140704
FBP,0.0,0.0,0.0,0.0,0.0,0.0,0.0,0.0,0.0,0.0,0.0,0.0,0.0,0.0,0.0,0.019801980198019802,0.0,0.0,0.0,0.0,0.0,0.0,0.0,0.0,0.0049504950495049506,0.0,0.0,0.0,0.024752475247524754,0.0,0.0,0.0,0.0,0.0,0.0,0.0,0.0,0.0,0.0,0.0,0.0,0.0,0.0,0.0,0.0,0.0,0.0,0.0,0.0,0.0
OP3,0.0,0.0,0.0,0.0,0.006831318970047294,0.0,0.008933263268523384,0.0,0.0,0.0,0.0031529164477141357,0.007882291119285338,0.0,0.07146610614818708,0.0,0.0,0.0005254860746190226,0.0,0.0,0.0,0.0,0.0,0.0,0.0,0.0,0.0,0.0,0.0,0.0,0.0,0.0,0.0,0.0,0.0,0.0,0.0,0.0,0.0,0.0,0.0,0.0,0.005254860746190226,0.0,0.0,0.0,0.0,0.0,0.0,0.0010509721492380452,0.0005254860746190226
Nitrospirae,0.0,0.0,0.019310344827586208,0.0,0.15448275862068966,0.0,0.0703448275862069,0.0,0.0,0.0,0.008275862068965517,0.7062068965517241,0.0,0.3875862068965517,0.0,0.0,0.011034482758620689,0.0,0.0,0.0,0.0,0.0,0.0,0.0,0.009655172413793104,0.0,0.0,0.0,0.06620689655172414,0.0,0.0,0.0,0.0,0.0,0.01793103448275862,0.0,0.0,0.0,0.0,0.0,0.0,0.0496551724137931,0.0,0.0,0.0,0.008275862068965517,0.0,0.0,0.028965517241379312,0.001379310344827586
MVP-21,0.0,0.0,0.0,0.0,0.0,0.0,0.0,0.0,0.0,0.0,0.0,0.0,0.0,0.0,0.0,0.0,0.0,0.0,0.0,0.0,0.0,0.0,0.0,0.0,0.0,0.0,0.0,0.0,0.0,0.0,0.0,0.0,0.0,0.0,0.0,0.0,0.0,0.0,0.0,0.0,0.0,0.0,0.0,0.0,0.0,0.0,0.0,0.0,0.0,0.0
Cyanobacteria,0.00022789425706472196,0.0,0.06586144029170465,0.0,0.03099361896080219,0.0,0.7160437556973565,0.01276207839562443,0.0009115770282588879,0.006381039197812215,0.05537830446672744,0.008659981768459436,1.1182771194165908,0.12488605287146765,0.06312670920692799,0.02871467639015497,0.010938924339106655,0.0029626253418413855,1.1367365542388332,0.14585232452142205,0.0027347310847766638,0.00022789425706472196,0.00045578851412944393,0.010255241567912488,0.02506836827711942,0.07497721057429353,0.009343664539653601,0.023473108477666364,0.002051048313582498,0.29512306289881496,1.1242023701002735,0.03646308113035551,0.3796718322698268,0.02506836827711942,0.0006836827711941659,1.1358249772105742,0.2768915223336372,0.0,0.0,0.00045578851412944393,0.0,0.08158614402917047,0.013445761166818596,0.1556517775752051,0.0,0.0029626253418413855,0.0034184138559708297,0.12420237010027348,0.07862351868732909,0.02187784867821331
Actinobacteria,0.0005860290670417253,0.22620721987810596,0.010548523206751054,0.01043131739334271,0.030004688232536336,0.06364275668073137,0.012189404594467886,0.007149554617909048,0.0007032348804500703,0.015119549929676512,0.04184247538677918,0.009610876699484294,0.0,0.029418659165494607,0.019456165025785278,0.10079699953117674,0.024144397562119082,0.03563056727613689,0.00011720581340834506,0.01113455227379278,0.006446319737458978,0.0,0.011486169714017815,0.2578527894983591,0.09540553211439287,0.01183778715424285,0.0023441162681669013,0.10443037974683544,0.10138302859821847,0.014416315049226441,0.0005860290670417253,0.0032817627754336614,0.04301453352086263,0.30520393811533053,0.013595874355368026,0.0,0.002109704641350211,0.02015939990623535,0.006211908110642288,0.004336615096108767,0.07735583684950774,0.024964838255977496,0.003750586029067042,0.00808720112517581,0.07419127988748242,0.040201593999062354,0.0008204406938584154,0.0011720581340834506,0.034692920768870136,0.05661040787623066
WS1,0.0,0.0,0.0,0.0,0.0,0.0,0.0,0.0,0.0,0.0,0.021739130434782608,0.0,0.0,0.0,0.0,0.0,0.0,0.0,0.0,0.0,0.0,0.0,0.0,0.0,0.0,0.0,0.0,0.0,0.0,0.0,0.0,0.0,0.0,0.0,0.0,0.0,0.0,0.0,0.0,0.0,0.0,0.0,0.0,0.0,0.0,0.0,0.0,0.0,0.0,0.0
Chlorobi,0.0,0.0,0.0,0.0,0.16589147286821707,0.0,0.06201550387596899,0.0,0.0,0.0,0.05581395348837209,0.04806201550387597,0.0,0.027131782945736434,0.0,0.005426356589147287,0.03565891472868217,0.0,0.0,0.0,0.0,0.0,0.0,0.002325581395348837,0.0,0.0,0.0,0.0,0.003875968992248062,0.0,0.0007751937984496124,0.0,0.0,0.0,0.0015503875968992248,0.0,0.0,0.0,0.0,0.0,0.0,0.12093023255813953,0.0,0.0,0.0,0.0,0.0,0.0,0.02635658914728682,0.006201550387596899
Gemmatimonadetes,0.0,0.0,0.006050129645635264,0.0,0.0341400172860847,0.0,0.00216076058772688,0.0,0.0,0.0,0.018150388936905792,0.01901469317199654,0.0,0.07433016421780467,0.0,0.00216076058772688,0.011668107173725151,0.0,0.0,0.0,0.0,0.0,0.0,0.007778738115816767,0.015557476231633534,0.0,0.0,0.0,0.10069144338807261,0.0,0.0,0.0,0.0,0.0,0.01296456352636128,0.0,0.0,0.0,0.0,0.000432152117545376,0.0,0.029818496110630942,0.0,0.000432152117545376,0.0,0.01296456352636128,0.0,0.0,0.010803802938634399,0.00216076058772688
Synergistetes,0.18,0.0,0.0,0.0,0.0,0.0,0.0,0.0,0.02,0.0,0.0,0.0,0.0,0.0,0.0,0.0,0.0,0.0,0.0,0.0,0.0,0.0,0.0,0.0,0.0,0.0,0.0,0.0,0.0,0.0,0.0,0.44,0.0,0.0,0.0,0.0,0.0,0.0,0.0,0.0,0.0,0.0,0.0,0.0,0.0,0.0,0.08,0.0,0.0,0.0
Caldithrix,0.0,0.0,0.0,0.0,0.0,0.0,0.008064516129032258,0.0,0.0,0.0,0.008064516129032258,0.0,0.0,0.0,0.0,0.0,0.28225806451612906,0.0,0.0,0.0,0.0,0.0,0.0,0.0,0.0,0.0,0.0,0.0,0.0,0.0,0.0,0.0,0.0,0.0,0.0,0.0,0.0,0.0,0.0,0.0,0.0,0.0,0.0,0.0,0.0,0.0,0.0,0.0,0.0,0.0
WS4,0.0,0.0,0.0,0.0,0.11428571428571428,0.0,0.0,0.0,0.0,0.0,0.0,0.0,0.0,0.0,0.0,0.0,0.0,0.0,0.0,0.0,0.0,0.0,0.0,0.0,0.0,0.0,0.0,0.0,0.0,0.0,0.0,0.0,0.0,0.0,0.0,0.0,0.0,0.0,0.0,0.0,0.0,0.08571428571428572,0.0,0.0,0.0,0.0,0.0,0.0,0.0,0.0
OD1,0.0,0.0,0.0,0.0,0.002145922746781116,0.0,0.001430615164520744,0.000715307582260372,0.0,0.0,0.002861230329041488,0.002145922746781116,0.0,0.002145922746781116,0.0,0.0,0.0,0.0,0.0,0.0,0.0,0.0,0.0,0.0,0.0,0.0,0.0,0.0,0.0,0.0,0.0,0.0,0.0,0.0,0.0,0.0,0.0,0.0,0.0,0.0,0.0,0.00715307582260372,0.0,0.0,0.0,0.000715307582260372,0.0,0.0,0.000715307582260372,0.005007153075822604
Spirochaetes,0.04129554655870445,0.0,0.0,0.0,0.042105263157894736,0.004048582995951417,0.017813765182186234,0.0024291497975708503,0.045344129554655874,0.0,0.029959514170040485,0.0016194331983805667,0.0,0.006477732793522267,0.0,0.0016194331983805667,0.005668016194331984,0.0,0.0,0.0,0.0,0.0,0.0,0.0,0.0,0.0,0.0,0.0,0.0,0.0,0.0,0.14898785425101216,0.0,0.0,0.0,0.0,0.0,0.0,0.0,0.0,0.0,0.06882591093117409,0.0,0.0,0.0032388663967611335,0.0,0.0016194331983805667,0.0,0.0,0.0
Crenarchaeota,0.0,0.0,0.0,0.0,0.027124773960216998,0.0,0.02802893309222423,0.0,0.0,0.0,0.0009041591320072332,0.003616636528028933,0.0,0.17992766726943943,0.003616636528028933,0.0,0.03074141048824593,0.0,0.0,0.0,0.0027124773960217,0.0,0.0,0.0,0.0108499095840868,0.0,0.0,0.0018083182640144665,0.009945750452079566,0.0,0.0,0.0,0.0027124773960217,0.013562386980108499,0.0108499095840868,0.0,0.0,0.0,0.0,0.0,0.003616636528028933,0.019891500904159132,0.0,0.0009041591320072332,0.0,0.0,0.0,0.0,0.0081374321880651,0.0
TPD-58,0.0,0.0,0.0,0.0,0.0,0.0,0.0,0.0,0.0,0.0,0.0,0.0,0.0,0.0,0.0,0.0,0.03333333333333333,0.0,0.0,0.0,0.0,0.0,0.0,0.0,0.0,0.0,0.0,0.0,0.0,0.0,0.0,0.0,0.0,0.0,0.0,0.0,0.0,0.0,0.0,0.0,0.0,0.0,0.0,0.0,0.0,0.0,0.0,0.0,0.0,0.0
Fibrobacteres,0.019823788546255508,0.0,0.0,0.0,0.01762114537444934,0.0,0.006607929515418502,0.0,0.0022026431718061676,0.0,0.0,0.0,0.0,0.006607929515418502,0.0,0.00881057268722467,0.0,0.0,0.0,0.0,0.0,0.0,0.0,0.0,0.0,0.0,0.0,0.0,0.0,0.0,0.0,0.03303964757709251,0.0,0.0,0.0,0.0,0.0,0.0,0.0,0.0,0.0,0.05506607929515418,0.0,0.0,0.0,0.0,0.039647577092511016,0.0,0.0,0.0
TM7,0.0,0.0,0.0,0.0,0.0,0.0,0.0,0.0,0.0,0.0,0.0,0.0,0.0,0.003937007874015748,0.0,0.027559055118110236,0.0,0.0,0.0,0.0,0.0,0.0,0.0,0.0,0.0,0.0,0.0,0.0,0.0,0.0,0.0,0.0,0.0,0.0,0.007874015748031496,0.0,0.0,0.0,0.003937007874015748,0.0,0.0,0.003937007874015748,0.0,0.0,0.011811023622047244,0.0,0.003937007874015748,0.0,0.0,0.0
Tenericutes,0.013422818791946308,0.0,0.0,0.0,0.0,0.005369127516778523,0.0,0.0,0.22818791946308725,0.0,0.10604026845637583,0.0,0.0,0.0,0.0,0.0,0.0,0.0,0.0,0.0,0.0,0.0,0.0,0.0,0.0,0.0,0.0,0.0,0.004026845637583893,0.0,0.0,0.1342281879194631,0.0,0.0,0.0,0.0,0.0,0.0,0.0,0.0,0.0,0.0013422818791946308,0.0,0.0,0.0013422818791946308,0.0,0.05100671140939597,0.0,0.0,0.0
GN02,0.0,0.0,0.0,0.0,0.0022471910112359553,0.0,0.006741573033707865,0.0044943820224719105,0.0,0.0,0.0022471910112359553,0.0,0.0,0.0022471910112359553,0.0,0.0,0.0,0.0,0.0,0.0,0.0,0.0,0.0,0.0,0.0,0.0,0.0,0.0,0.0,0.0,0.0,0.0,0.0,0.0,0.0,0.0,0.0,0.0,0.0,0.0,0.0,0.0022471910112359553,0.0,0.0044943820224719105,0.0,0.0,0.0,0.0,0.0044943820224719105,0.0044943820224719105
Chlamydiae,0.0,0.0,0.012070566388115135,0.0,0.0009285051067780873,0.0,0.0,0.0,0.0,0.0,0.003714020427112349,0.0018570102135561746,0.0,0.014856081708449397,0.0,0.012999071494893221,0.0018570102135561746,0.0,0.0,0.0,0.0,0.0,0.0,0.0,0.0009285051067780873,0.0,0.0,0.0,0.0,0.0,0.0,0.0,0.0,0.0,0.0018570102135561746,0.0,0.0,0.0,0.0,0.002785515320334262,0.0,0.009285051067780872,0.0,0.0,0.0,0.0018570102135561746,0.0,0.0,0.051996285979572884,0.002785515320334262
OP8,0.0,0.0,0.0,0.0,0.007772020725388601,0.0,0.08549222797927461,0.0,0.0,0.0,0.0025906735751295338,0.0025906735751295338,0.0,0.0,0.0,0.0,0.09844559585492228,0.0,0.0,0.0,0.0,0.0,0.0,0.0,0.0,0.0,0.0,0.0051813471502590676,0.0,0.0,0.0,0.0,0.0,0.0,0.0,0.0,0.0,0.0,0.0,0.0,0.025906735751295335,0.0051813471502590676,0.0,0.0,0.0,0.0,0.0,0.0,0.0,0.0
PAUC34f,0.0,0.0,0.0,0.0,0.0,0.0,0.010526315789473684,0.0,0.0,0.0,0.0,0.0,0.0,0.0,0.0,0.0,0.0,0.0,0.0,0.0,0.0,0.0,0.0,0.0,0.0,0.0,0.0,0.0,0.0,0.0,0.0,0.0,0.0,0.0,0.0,0.0,0.0,0.0,0.0,0.0,0.0,0.0,0.0,0.0,0.0,0.0,0.0,0.0,0.0,0.0
SAR406,0.0,0.0,0.0,0.0,0.0,0.0,0.0,0.0,0.0,0.0,0.0030581039755351682,0.0,0.0,0.0,0.0,0.0,0.0030581039755351682,0.0,0.0,0.0,0.0,0.0,0.0,0.0,0.0,0.0,0.0,0.0,0.0,0.024464831804281346,0.0,0.0,0.5626911314984709,0.0,0.0,0.0,0.0,0.0,0.0,0.0,0.0,0.0,0.0,0.0,0.0,0.0,0.0,0.0,0.0,0.0
Hyd24-12,0.0,0.0,0.0,0.0,0.0,0.0,0.04,0.0,0.0,0.0,0.0,0.0,0.0,0.0,0.0,0.0,0.52,0.0,0.0,0.0,0.0,0.0,0.0,0.0,0.0,0.0,0.0,0.0,0.0,0.0,0.0,0.0,0.0,0.0,0.0,0.0,0.0,0.0,0.0,0.0,0.0,0.0,0.0,0.0,0.0,0.0,0.0,0.0,0.0,0.0
GN04,0.0,0.0,0.0,0.0,0.10344827586206896,0.0,0.0,0.0,0.0,0.0,0.003134796238244514,0.02821316614420063,0.0,0.05329153605015674,0.0,0.0,0.009404388714733543,0.0,0.0,0.0,0.0,0.0,0.0,0.0,0.0,0.0,0.0,0.003134796238244514,0.0,0.0,0.0,0.0,0.0,0.0,0.0,0.0,0.0,0.0,0.0,0.0,0.0,0.03761755485893417,0.0,0.0,0.0,0.0,0.0,0.0,0.025078369905956112,0.0
Armatimonadetes,0.0,0.0,0.0,0.0,0.02783109404990403,0.0,0.0047984644913627635,0.0,0.0,0.0,0.0009596928982725527,0.005758157389635317,0.0,0.0009596928982725527,0.0,0.018234165067178502,0.0019193857965451055,0.0,0.0,0.0,0.0,0.0,0.0,0.0,0.003838771593090211,0.0,0.0,0.0,0.009596928982725527,0.0,0.0,0.0,0.0,0.0,0.0,0.0,0.0,0.0,0.0,0.0047984644913627635,0.0,0.018234165067178502,0.0,0.0,0.0,0.003838771593090211,0.0,0.0,0.0,0.0
MVS-104,0.0,0.0,0.0,0.0,0.07407407407407407,0.0,0.0,0.0,0.0,0.0,0.0,0.0,0.0,0.0,0.0,0.0,0.0,0.0,0.0,0.0,0.0,0.0,0.0,0.0,0.0,0.0,0.0,0.0,0.0,0.0,0.0,0.0,0.0,0.0,0.0,0.0,0.0,0.0,0.0,0.0,0.0,0.07407407407407407,0.0,0.0,0.0,0.0,0.0,0.0,0.0,0.0
Lentisphaerae,0.034482758620689655,0.0,0.0,0.0,0.002652519893899204,0.0,0.0,0.0,0.20424403183023873,0.0,0.03713527851458886,0.0,0.0,0.002652519893899204,0.0,0.0,0.0,0.0,0.0,0.0,0.0,0.0,0.0,0.0,0.0,0.0,0.0,0.0,0.0,0.0,0.0,0.002652519893899204,0.0,0.0,0.0,0.0,0.0,0.0,0.0,0.0,0.0,0.0,0.0,0.0,0.0,0.0,0.002652519893899204,0.0,0.0,0.0
Thermi,0.0,0.0,0.01195219123505976,0.0,0.0,0.0,0.0,0.0,0.0,0.0,0.00398406374501992,0.03187250996015936,0.0,0.0,0.01195219123505976,0.0199203187250996,0.0,0.0,0.0,0.0,0.0,0.0,0.0,0.0,0.035856573705179286,0.0,0.0,0.0,0.0,0.0,0.0,0.0,0.0,0.0,0.0,0.0,0.0,0.0,0.0,0.0,0.0,0.0,0.0,0.0,0.0,0.0,0.0,0.0,0.0,0.0
CD12,0.0,0.058823529411764705,0.0,0.0,0.0,0.0,0.0,0.0,0.0,0.0,0.0,0.0,0.0,0.0,0.0,0.0,0.0,0.0,0.0,0.0,0.0,0.0,0.0,0.0,0.0,0.0,0.0,0.0,0.0,0.0,0.0,0.0,0.0,0.0,0.0,0.0,0.0,0.0,0.0,0.0,0.23529411764705882,0.0,0.0,0.0,0.0,0.0,0.0,0.0,0.0,0.0
Caldiserica,0.0,0.0,0.0,0.0,0.0,0.0,0.0,0.0,0.0,0.0,0.0,0.0,0.0,0.0,0.0,0.0,0.0,0.0,0.0,0.0,0.0,0.0,0.0,0.0,0.0,0.0,0.0,0.0,0.0,0.0,0.0,0.0,0.0,0.0,0.0,0.0,0.0,0.0,0.0,0.0,0.0,0.0,0.0,0.0,0.0,0.0,0.0,0.0,0.0,0.0
SBR1093,0.0,0.0,0.0,0.0,0.021739130434782608,0.0,0.0,0.0,0.0,0.0,0.0,0.0,0.0,0.0,0.0,0.0,0.0,0.0,0.0,0.0,0.0,0.0,0.0,0.0,0.0,0.0,0.0,0.0,0.0,0.0,0.0,0.0,0.0,0.0,0.0,0.0,0.0,0.0,0.0,0.0,0.0,0.0,0.0,0.0,0.0,0.0,0.0,0.0,0.1956521739130435,0.0
OP11,0.0,0.0,0.0,0.0,0.0064516129032258064,0.0,0.012903225806451613,0.0,0.0,0.0,0.0,0.0,0.0,0.0032258064516129032,0.0,0.0032258064516129032,0.0,0.0,0.0,0.0,0.0,0.0,0.0,0.0,0.0,0.0,0.0,0.0,0.0,0.0,0.0,0.0,0.0,0.0,0.0032258064516129032,0.0,0.0,0.0,0.0,0.0,0.0,0.0032258064516129032,0.0,0.0,0.0,0.0,0.0,0.0,0.0,0.0
BRC1,0.0,0.0,0.024630541871921183,0.0,0.0049261083743842365,0.0,0.0049261083743842365,0.0,0.0,0.0,0.0,0.0,0.0,0.0,0.0,0.0,0.0049261083743842365,0.0,0.0,0.0,0.0,0.0,0.0,0.0,0.0049261083743842365,0.0,0.0,0.0,0.0,0.0,0.0,0.0,0.0,0.0,0.0,0.0,0.0,0.0,0.0,0.0,0.0,0.009852216748768473,0.0,0.0,0.0,0.0,0.0,0.0,0.0049261083743842365,0.0
GAL15,0.0,0.0,0.0,0.0,0.0,0.0,0.0,0.0,0.0,0.0,0.0,0.0,0.0,0.0,0.0,0.0,0.0,0.0,0.0,0.0,0.0,0.0,0.0,0.0,0.08695652173913043,0.0,0.0,0.0,0.0,0.0,0.0,0.0,0.0,0.0,0.0,0.0,0.0,0.0,0.0,0.0,0.0,0.0,0.0,0.0,0.0,0.08695652173913043,0.0,0.0,0.0,0.0
Fusobacteria,0.0,0.0,0.0,1.940909090909091,0.0,0.18636363636363637,0.0,0.013636363636363636,0.0,0.0,0.02727272727272727,0.0,0.0,0.0,0.004545454545454545,0.24545454545454545,0.0,0.0,0.0,0.004545454545454545,0.0,0.0,0.0,0.0,1.6772727272727272,0.004545454545454545,0.0,0.004545454545454545,0.0,0.0,0.0,0.004545454545454545,0.0,0.0,0.0,0.0,0.0,0.05,2.909090909090909,0.0,0.4772727272727273,0.004545454545454545,0.0,0.0,1.481818181818182,0.0,0.013636363636363636,0.0,0.0,0.0
NKB19,0.0,0.0,0.0,0.0,0.014354066985645933,0.0,0.0,0.0,0.0,0.0,0.0,0.0,0.0,0.0,0.0,0.0,0.0,0.0,0.0,0.0,0.0,0.0,0.0,0.0,0.0,0.0,0.0,0.0,0.0,0.0,0.0,0.0,0.0,0.0,0.0,0.0,0.0,0.0,0.0,0.0,0.0,0.0,0.0,0.0,0.0,0.0,0.0,0.0,0.0,0.0
SC4,0.0,0.0,0.0,0.0,0.0,0.0,0.025,0.0,0.0,0.0,0.0,0.0,0.0,0.0,0.0,0.0,0.0,0.0,0.0,0.0,0.0,0.0,0.0,0.0,0.0,0.0,0.0,0.0,0.0,0.0,0.0,0.0,0.0,0.0,0.0,0.0,0.0,0.0,0.0,0.0,0.0,0.0,0.0,0.0,0.0,0.0,0.0,0.0,0.0,0.0
GOUTA4,0.0,0.0,0.0,0.0,0.09195402298850575,0.0,0.0,0.0,0.0,0.0,0.0,0.022988505747126436,0.0,0.022988505747126436,0.0,0.0,0.0,0.0,0.0,0.0,0.0,0.0,0.0,0.0,0.0,0.0,0.0,0.0,0.0,0.0,0.0,0.0,0.0,0.0,0.0,0.0,0.0,0.0,0.0,0.0,0.0,0.05747126436781609,0.0,0.0,0.0,0.0,0.0,0.0,0.0,0.0
OP1,0.0,0.0,0.0,0.0,0.0,0.0,0.0,0.0,0.0,0.0,0.0,0.0,0.0,0.03636363636363636,0.0,0.0,0.0,0.0,0.0,0.0,0.0,0.0,0.0,0.0,0.0,0.0,0.0,0.05454545454545454,0.0,0.0,0.0,0.0,0.0,0.0,0.0,0.0,0.0,0.0,0.0,0.0,0.0,0.0,0.0,0.0,0.0,0.0,0.0,0.0,0.0,0.0
ZB3,0.0,0.0,0.0,0.0,0.0,0.0,0.0,0.0,0.0,0.0,0.15384615384615385,0.0,0.0,0.0,0.0,0.0,0.0,0.0,0.0,0.0,0.0,0.0,0.0,0.0,0.0,0.0,0.0,0.0,0.0,0.0,0.0,0.0,0.0,0.0,0.0,0.0,0.0,0.0,0.0,0.0,0.0,0.0,0.0,0.0,0.0,0.0,0.0,0.0,0.0,0.0
FCPU426,0.0,0.0,0.0,0.0,0.0425531914893617,0.0,0.0,0.0,0.0,0.0,0.0,0.0,0.0,0.02127659574468085,0.0,0.0,0.0,0.0,0.0,0.0,0.0,0.0,0.0,0.0,0.0,0.0,0.0,0.0,0.0,0.0,0.0,0.0,0.0,0.0,0.0,0.0,0.0,0.0,0.0,0.02127659574468085,0.0,0.14893617021276595,0.0,0.0,0.0,0.02127659574468085,0.0,0.0,0.0,0.0
Poribacteria,0.0,0.0,0.0,0.0,0.0,0.0,0.0,0.0,0.0,0.0,0.0,0.0,0.0,0.0,0.0,0.0,0.0,0.0,0.0,0.0,0.0,0.0,0.0,0.0,0.0,0.0,0.0,0.038461538461538464,0.0,0.0,0.0,0.0,0.0,0.0,0.0,0.0,0.0,0.0,0.0,0.0,0.0,0.0,0.0,0.0,0.0,0.0,0.0,0.0,0.0,0.0
WS5,0.0,0.0,0.0,0.0,0.058823529411764705,0.0,0.11764705882352941,0.0,0.0,0.0,0.0,0.0,0.0,0.0,0.0,0.0,0.0,0.0,0.0,0.0,0.0,0.0,0.0,0.0,0.0,0.0,0.0,0.0,0.0,0.0,0.0,0.0,0.0,0.0,0.0,0.0,0.0,0.0,0.0,0.0,0.0,0.029411764705882353,0.0,0.0,0.0,0.0,0.0,0.0,0.0,0.029411764705882353
WWE1,0.0,0.0,0.0,0.0,0.0,0.0,0.1044776119402985,0.0,0.0,0.0,0.0,0.0,0.0,0.0,0.0,0.0,0.014925373134328358,0.0,0.0,0.0,0.0,0.0,0.0,0.0,0.0,0.0,0.0,0.0,0.0,0.0,0.0,0.0,0.0,0.0,0.0,0.0,0.0,0.0,0.0,0.0,0.0,0.0,0.0,0.0,0.0,0.0,0.0,0.0,0.0,0.0
OP9,0.0,0.0,0.0,0.0,0.0,0.0,0.02564102564102564,0.0,0.0,0.0,0.0,0.0,0.0,0.0,0.0,0.0,0.5384615384615384,0.0,0.0,0.0,0.0,0.0,0.0,0.0,0.0,0.0,0.0,0.0,0.0,0.0,0.0,0.0,0.0,0.0,0.0,0.0,0.0,0.0,0.0,0.0,0.2564102564102564,0.0,0.0,0.0,0.0,0.0,0.0,0.0,0.0,0.0
WS2,0.0,0.0,0.0,0.0,0.0,0.0,0.011904761904761904,0.0,0.0,0.0,0.0,0.0,0.0,0.023809523809523808,0.0,0.0,0.023809523809523808,0.0,0.0,0.0,0.0,0.0,0.0,0.0,0.0,0.0,0.0,0.0,0.0,0.0,0.0,0.0,0.0,0.0,0.0,0.0,0.0,0.0,0.0,0.0,0.0,0.0,0.0,0.0,0.0,0.0,0.0,0.0,0.0,0.0
NC10,0.0,0.0,0.0,0.0,0.36065573770491804,0.0,0.06557377049180328,0.0,0.0,0.0,0.0,0.01639344262295082,0.0,0.0,0.0,0.0,0.0,0.0,0.0,0.0,0.0,0.0,0.0,0.0,0.0,0.0,0.0,0.0,0.0,0.0,0.0,0.0,0.0,0.0,0.0,0.0,0.0,0.0,0.0,0.0,0.0,0.16393442622950818,0.0,0.0,0.0,0.0,0.0,0.0,0.0,0.0
TA06,0.0,0.0,0.0,0.0,0.0,0.0,0.0,0.0,0.0,0.0,0.0,0.0,0.0,0.0,0.0,0.0,0.0,0.0,0.0,0.0,0.0,0.0,0.0,0.0,0.0,0.0,0.0,0.0,0.0,0.0,0.0,0.0,0.0,0.0,0.0,0.0,0.0,0.0,0.0,0.0,0.0,0.0,0.0,0.0,0.0,0.0,0.0,0.0,0.0,0.0
WPS-2,0.0,0.0,0.0,0.0,0.0,0.0,0.0,0.0,0.0,0.0,0.0078125,0.0,0.0,0.0,0.0,0.0,0.0,0.0,0.0,0.0078125,0.0,0.0,0.0,0.0,0.0,0.0,0.0,0.0,0.203125,0.0,0.0,0.0,0.0,0.0,0.0,0.0,0.0078125,0.0,0.0,0.0,0.0,0.0,0.0,0.0,0.0,0.296875,0.0,0.0,0.0,0.0
AC1,0.0,0.0,0.0,0.0,0.03937007874015748,0.0,0.0,0.0,0.0,0.0,0.0,0.0,0.0,0.0,0.0,0.0,0.0,0.0,0.0,0.0,0.0,0.0,0.0,0.0,0.0,0.0,0.0,0.0,0.0,0.0,0.0,0.0,0.0,0.0,0.0,0.0,0.0,0.0,0.0,0.0,0.0,0.015748031496062992,0.0,0.0,0.0,0.0,0.0,0.0,0.0,0.0
AD3,0.0,0.0,0.0,0.0,0.0,0.0,0.0,0.0,0.0,0.0,0.0,0.0,0.0,0.0684931506849315,0.0,0.0,0.0,0.0,0.0,0.0,0.0,0.0,0.0,0.0,0.0,0.0,0.0,0.0,1.4109589041095891,0.0,0.0,0.0,0.0,0.0,0.136986301369863,0.0,0.0,0.0,0.0,0.0273972602739726,0.0,0.0,0.0,0.0,0.0,0.1917808219178082,0.0,0.0,0.0,0.0
Aquificae,0.0,0.0,0.0,0.0,0.0,0.0,0.0,0.0,0.0,0.0,0.0,0.0,0.0,0.0,0.0,0.0,0.0,0.0,0.0,0.0,0.0,0.0,0.0,0.0,0.0,0.0,0.0,0.0,0.0,0.0,0.0,0.0,0.0,0.0,0.0,0.0,0.0,0.0,0.0,0.0,0.0,0.0,0.0,0.0,0.0,0.0,0.0,0.0,0.0,0.0
NPL-UPA2,0.0,0.0,0.0,0.0,0.0,0.0,0.0,0.0,0.0,0.0,0.0,0.0,0.0,0.0,0.0,0.0,0.0,0.0,0.0,0.0,0.0,0.0,0.0,0.0,0.0,0.0,0.0,0.0,0.0,0.0,0.0,0.0,0.0,0.0,0.0,0.0,0.0,0.0,0.0,0.0,0.0,0.0,0.0,0.0,0.0,0.0,0.0,0.0,0.0,0.0
LCP-89,0.0,0.0,0.0,0.0,0.0,0.0,0.0,0.0,0.0,0.0,0.0,0.0,0.0,0.0,0.0,0.0,0.03333333333333333,0.0,0.0,0.0,0.0,0.0,0.0,0.0,0.0,0.0,0.0,0.0,0.0,0.0,0.0,0.0,0.0,0.0,0.0,0.0,0.0,0.0,0.0,0.0,0.0,0.0,0.0,0.0,0.0,0.0,0.0,0.0,0.0,0.0
OC31,0.0,0.0,0.0,0.0,0.0,0.0,0.0,0.0,0.0,0.0,0.0,0.5,0.0,0.25,0.0,0.0,0.0,0.0,0.0,0.0,0.0,0.0,0.0,0.0,0.0,0.0,0.0,0.0,0.0,0.0,0.0,0.0,0.0,0.0,0.0,0.0,0.0,0.0,0.0,0.0,0.0,0.0,0.0,0.0,0.0,0.0,0.0,0.0,0.0,0.0
AncK6,0.0,0.0,0.0,0.0,0.0,0.0,0.0,0.0,0.0,0.0,0.0,0.0625,0.0,0.0,0.0,0.0,0.0,0.0,0.0,0.0,0.0,0.0,0.0,0.0,0.0,0.0,0.0,0.0,0.0,0.0,0.0,0.0,0.0,0.0,0.0,0.0,0.0,0.0,0.0,0.0,0.0,0.0,0.0,0.0,0.0,0.0,0.0,0.0,0.0,0.0
LD1,0.0,0.0,0.0,0.0,0.0,0.0,0.0,0.0,0.0,0.0,0.0,0.0,0.0,0.0,0.0,0.0,0.0,0.0,0.0,0.0,0.0,0.0,0.0,0.0,0.0,0.0,0.0,0.0,0.0,0.0,0.0,0.0,0.0,0.0,0.0,0.0,0.0,0.0,0.0,0.0,0.0,0.0,0.0,0.0,0.0,0.0,0.0,0.0,0.0,0.0
BHI80-139,0.0,0.0,0.0,0.0,0.0,0.0,0.0,0.0,0.0,0.0,0.0,0.0,0.0,0.0,0.0,0.0,0.058823529411764705,0.0,0.0,0.0,0.0,0.0,0.0,0.0,0.0,0.0,0.0,0.0,0.0,0.0,0.0,0.0,0.0,0.0,0.0,0.0,0.0,0.0,0.0,0.0,0.0,0.0,0.0,0.0,0.0,0.0,0.0,0.0,0.0,0.0
OctSpA1-106,0.0,0.0,0.0,0.0,0.0,0.0,0.0,0.0,0.0,0.0,0.0,0.0,0.0,0.0,0.0,0.0,0.0,0.0,0.0,0.0,0.0,0.0,0.0,0.0,0.0,0.0,0.0,0.0,0.0,0.0,0.0,0.0,0.0,0.0,0.0,0.0,0.0,0.0,0.0,0.0,0.0,0.0,0.0,0.0,0.0,0.0,0.0,0.0,0.0,0.0
Thermotogae,0.0,0.0,0.0,0.0,0.0,0.0,0.0,0.0,0.0,0.0,0.0,0.0,0.0,0.0,0.0,0.0,0.0,0.0,0.0,0.0,0.0,0.0,0.0,0.0,0.0,0.0,0.0,0.0,0.0,0.0,0.0,0.0,0.0,0.0,0.0,0.0,0.0,0.0,0.0,0.0,0.0,0.0,0.0,0.0,0.0,0.0,0.0,0.0,0.0,0.0
H-178,0.0,0.0,0.0,0.0,0.0,0.0,0.0,0.0,0.0,0.0,0.2631578947368421,0.0,0.0,0.0,0.0,0.0,0.0,0.0,0.0,0.0,0.0,0.0,0.0,0.0,0.0,0.0,0.0,0.0,0.0,0.0,0.0,0.0,0.0,0.0,0.0,0.0,0.0,0.0,0.0,0.0,0.0,0.0,0.0,0.0,0.0,0.0,0.0,0.0,0.0,0.0
Kazan-3B-28,0.0,0.0,0.0,0.0,0.0,0.0,0.0,0.0,0.0,0.0,0.0,0.0,0.0,0.0,0.0,0.0,0.0,0.0,0.0,0.0,0.0,0.0,0.0,0.0,0.0,0.0,0.0,0.0,0.0,0.0,0.0,0.0,0.0,0.0,0.0,0.0,0.0,0.0,0.0,0.0,0.0,0.0,0.0,0.0,0.0,0.0,0.0,0.0,0.0,0.0
VHS-B3-43,0.0,0.0,0.0,0.0,0.0,0.0,0.0,0.0,0.0,0.0,0.0,0.0,0.0,0.0,0.0,0.0,0.0,0.0,0.0,0.0,0.0,0.0,0.0,0.0,0.0,0.0,0.0,0.0,0.0,0.0,0.0,0.0,0.0,0.0,0.0,0.0,0.0,0.0,0.0,0.0,0.0,0.0,0.0,0.0,0.0,0.0,0.0,0.0,0.0,0.0
Deferribacteres,0.0,0.0,0.0,0.0,0.0,0.0,0.0,0.0,0.0,0.0,0.0,0.0,0.0,0.0,0.0,0.0,0.0,0.0,0.0,0.0,0.0,0.0,0.0,0.0,0.0,0.0,0.0,0.0,0.0,0.0,0.0,0.0,0.0,0.0,0.0,0.0,0.0,0.0,0.0,0.0,0.0,0.0,0.0,0.0,0.0,0.0,0.0,0.0,0.0,0.0
MAT-CR-M4-B07,0.0,0.0,0.0,0.0,0.0,0.0,0.0,0.0,0.0,0.0,0.0,0.0,0.0,0.0,0.0,0.0,0.0,0.0,0.0,0.0,0.0,0.0,0.0,0.0,0.0,0.0,0.0,0.0,0.0,0.0,0.0,0.0,0.0,0.0,0.0,0.0,0.0,0.0,0.0,0.0,0.0,0.0,0.0,0.0,0.0,0.0,0.0,0.0,0.0,0.0
